id,firstname,lastname,email,email2,profession,Giovanni,Colombo
100,Konstance,Baylor,Konstance.Baylor@yopmail.com,Konstance.Baylor@gmail.com,doctor,1954-10-22,Damascus
101,Tatiania,Masao,Tatiania.Masao@yopmail.com,Tatiania.Masao@gmail.com,police officer,2003-05-16,Cockburn Town
102,Gwenneth,Rossner,Gwenneth.Rossner@yopmail.com,Gwenneth.Rossner@gmail.com,firefighter,1945-06-17,Pittsburgh
103,Libbie,Guildroy,Libbie.Guildroy@yopmail.com,Libbie.Guildroy@gmail.com,developer,1962-10-09,Nanjing
104,Kimmy,Adalbert,Kimmy.Adalbert@yopmail.com,Kimmy.Adalbert@gmail.com,police officer,1984-05-24,Vancouver
105,Rani,Jobi,Rani.Jobi@yopmail.com,Rani.Jobi@gmail.com,doctor,1981-03-23,Adelaide
106,Alexine,Weaks,Alexine.Weaks@yopmail.com,Alexine.Weaks@gmail.com,firefighter,1949-02-27,Porto Alegre
107,Kristan,Bultman,Kristan.Bultman@yopmail.com,Kristan.Bultman@gmail.com,firefighter,1943-07-19,Gaziantep
108,Jerry,Salchunas,Jerry.Salchunas@yopmail.com,Jerry.Salchunas@gmail.com,doctor,1927-04-30,Invercargill
109,Sarette,Gino,Sarette.Gino@yopmail.com,Sarette.Gino@gmail.com,developer,1919-12-08,Hilo
110,Sharlene,Gino,Sharlene.Gino@yopmail.com,Sharlene.Gino@gmail.com,doctor,2012-12-13,Muscat
111,Tina,Bivins,Tina.Bivins@yopmail.com,Tina.Bivins@gmail.com,firefighter,1988-03-28,Rabat
112,Ileana,Erskine,Ileana.Erskine@yopmail.com,Ileana.Erskine@gmail.com,developer,1998-10-13,Wonsan
113,Stephanie,Melleta,Stephanie.Melleta@yopmail.com,Stephanie.Melleta@gmail.com,worker,1984-11-05,Srinagar
114,Mariann,Marcellus,Mariann.Marcellus@yopmail.com,Mariann.Marcellus@gmail.com,firefighter,1958-08-31,Calgary
115,Demetris,Vorster,Demetris.Vorster@yopmail.com,Demetris.Vorster@gmail.com,worker,1988-02-05,Naples
116,Sindee,Norrie,Sindee.Norrie@yopmail.com,Sindee.Norrie@gmail.com,doctor,1964-03-21,Perm
117,Amalie,Byrne,Amalie.Byrne@yopmail.com,Amalie.Byrne@gmail.com,doctor,1904-07-06,City of San Marino
118,Estell,Abbot,Estell.Abbot@yopmail.com,Estell.Abbot@gmail.com,worker,1983-03-30,Kano
119,Laure,Faust,Laure.Faust@yopmail.com,Laure.Faust@gmail.com,police officer,1904-09-19,Charlotte
120,Ayn,Cassius,Ayn.Cassius@yopmail.com,Ayn.Cassius@gmail.com,worker,1978-10-22,Suez
121,Kerrin,Malanie,Kerrin.Malanie@yopmail.com,Kerrin.Malanie@gmail.com,firefighter,1999-01-29,Kota Kinabalu
122,Carly,Presber,Carly.Presber@yopmail.com,Carly.Presber@gmail.com,police officer,2005-11-18,Doha
123,Maridel,Fiann,Maridel.Fiann@yopmail.com,Maridel.Fiann@gmail.com,developer,1977-04-20,Fredericton
124,Magdalena,Mike,Magdalena.Mike@yopmail.com,Magdalena.Mike@gmail.com,developer,1909-04-23,Antwerp
125,Ketti,Johanna,Ketti.Johanna@yopmail.com,Ketti.Johanna@gmail.com,police officer,1908-05-04,Ankara
126,Alleen,Jenness,Alleen.Jenness@yopmail.com,Alleen.Jenness@gmail.com,worker,1986-02-10,Bangkok
127,Ileana,Olympium,Ileana.Olympium@yopmail.com,Ileana.Olympium@gmail.com,developer,1989-05-11,Yellowknife
128,Babita,Alwin,Babita.Alwin@yopmail.com,Babita.Alwin@gmail.com,firefighter,1996-12-03,Prague
129,Heida,Allina,Heida.Allina@yopmail.com,Heida.Allina@gmail.com,doctor,1907-11-30,Kuala Lumpur
130,Angelique,Markman,Angelique.Markman@yopmail.com,Angelique.Markman@gmail.com,firefighter,2002-02-22,Livingstone
131,Keelia,Yorick,Keelia.Yorick@yopmail.com,Keelia.Yorick@gmail.com,police officer,1980-07-04,Adamstown
132,Correy,Fax,Correy.Fax@yopmail.com,Correy.Fax@gmail.com,developer,1902-06-18,Cologne
133,Petronia,Morrill,Petronia.Morrill@yopmail.com,Petronia.Morrill@gmail.com,police officer,1922-05-16,The Valley
134,Marnia,Euridice,Marnia.Euridice@yopmail.com,Marnia.Euridice@gmail.com,developer,1951-12-02,Tirana
135,Genovera,Evvie,Genovera.Evvie@yopmail.com,Genovera.Evvie@gmail.com,police officer,1970-02-18,Bogotá
136,Jsandye,Azeria,Jsandye.Azeria@yopmail.com,Jsandye.Azeria@gmail.com,developer,1937-09-10,Salt Lake City
137,Marika,Ardeha,Marika.Ardeha@yopmail.com,Marika.Ardeha@gmail.com,police officer,2005-06-19,Port Hedland
138,Deedee,Jaylene,Deedee.Jaylene@yopmail.com,Deedee.Jaylene@gmail.com,worker,1952-04-21,Yaren District
139,Chandra,Alcott,Chandra.Alcott@yopmail.com,Chandra.Alcott@gmail.com,firefighter,1967-07-26,Lobamba
140,Karina,Flyn,Karina.Flyn@yopmail.com,Karina.Flyn@gmail.com,worker,1969-03-24,Novosibirsk
141,Sam,Lasley,Sam.Lasley@yopmail.com,Sam.Lasley@gmail.com,developer,1945-02-10,Christchurch
142,Anestassia,Arathorn,Anestassia.Arathorn@yopmail.com,Anestassia.Arathorn@gmail.com,police officer,1907-05-11,Kano
143,Carol-Jean,Gaal,Carol-Jean.Gaal@yopmail.com,Carol-Jean.Gaal@gmail.com,firefighter,1960-07-30,Chişinău
144,Demetris,Reneta,Demetris.Reneta@yopmail.com,Demetris.Reneta@gmail.com,police officer,1915-11-21,Road Town
145,Rozele,Shelba,Rozele.Shelba@yopmail.com,Rozele.Shelba@gmail.com,firefighter,1948-11-15,Regina
146,Queenie,Weitman,Queenie.Weitman@yopmail.com,Queenie.Weitman@gmail.com,worker,1972-12-16,Tel Aviv
147,Netty,Abernon,Netty.Abernon@yopmail.com,Netty.Abernon@gmail.com,firefighter,1914-07-26,San Carlos de Bariloche
148,Georgina,Goth,Georgina.Goth@yopmail.com,Georgina.Goth@gmail.com,doctor,1994-12-09,Labasa
149,Mildrid,Rozanna,Mildrid.Rozanna@yopmail.com,Mildrid.Rozanna@gmail.com,worker,1976-12-27,Bandung
150,Marinna,Warthman,Marinna.Warthman@yopmail.com,Marinna.Warthman@gmail.com,police officer,1992-02-06,Istanbul
151,Cissiee,Lesley,Cissiee.Lesley@yopmail.com,Cissiee.Lesley@gmail.com,police officer,2008-08-29,Phuket (city)
152,Zia,Eugenia,Zia.Eugenia@yopmail.com,Zia.Eugenia@gmail.com,firefighter,2006-12-20,Bamako
153,Madelle,Uund,Madelle.Uund@yopmail.com,Madelle.Uund@gmail.com,worker,1925-07-02,Caracas
154,Desirae,Suanne,Desirae.Suanne@yopmail.com,Desirae.Suanne@gmail.com,developer,1975-04-28,Monrovia
155,Benita,Malvino,Benita.Malvino@yopmail.com,Benita.Malvino@gmail.com,police officer,1958-02-22,Wuhan
156,Betta,Dyche,Betta.Dyche@yopmail.com,Betta.Dyche@gmail.com,police officer,1936-04-17,Davao City
157,Tera,Henrie,Tera.Henrie@yopmail.com,Tera.Henrie@gmail.com,firefighter,2011-10-06,Vienna
158,Berta,Brieta,Berta.Brieta@yopmail.com,Berta.Brieta@gmail.com,police officer,1975-12-14,Montreal
159,Nariko,Fairweather,Nariko.Fairweather@yopmail.com,Nariko.Fairweather@gmail.com,police officer,1955-01-05,Hyderabad
160,Anestassia,Knowling,Anestassia.Knowling@yopmail.com,Anestassia.Knowling@gmail.com,police officer,1951-11-07,Iloilo City
161,Wanda,Bashemeth,Wanda.Bashemeth@yopmail.com,Wanda.Bashemeth@gmail.com,doctor,1986-08-14,Quebec City
162,Helsa,Darian,Helsa.Darian@yopmail.com,Helsa.Darian@gmail.com,doctor,1915-02-07,Cardiff
163,Anestassia,Damarra,Anestassia.Damarra@yopmail.com,Anestassia.Damarra@gmail.com,worker,1981-03-06,Agartala
164,Orsola,Arvo,Orsola.Arvo@yopmail.com,Orsola.Arvo@gmail.com,worker,2017-07-27,Zhengzhou
165,Eolanda,Adamsen,Eolanda.Adamsen@yopmail.com,Eolanda.Adamsen@gmail.com,firefighter,1952-08-19,Yamoussoukro
166,Nanete,Joachim,Nanete.Joachim@yopmail.com,Nanete.Joachim@gmail.com,worker,2018-08-03,Boa Vista
167,Lynnea,Ietta,Lynnea.Ietta@yopmail.com,Lynnea.Ietta@gmail.com,police officer,1939-07-23,Maseru
168,Frank,Stefa,Frank.Stefa@yopmail.com,Frank.Stefa@gmail.com,firefighter,2010-04-04,Townsville
169,Tierney,Zenas,Tierney.Zenas@yopmail.com,Tierney.Zenas@gmail.com,doctor,1967-06-19,Liverpool
170,Jere,Holtz,Jere.Holtz@yopmail.com,Jere.Holtz@gmail.com,firefighter,1972-03-08,Mérida
171,Cacilie,Bord,Cacilie.Bord@yopmail.com,Cacilie.Bord@gmail.com,police officer,2017-12-24,Arequipa
172,Noelle,Margret,Noelle.Margret@yopmail.com,Noelle.Margret@gmail.com,developer,1945-06-06,Apia
173,Goldie,Hepsibah,Goldie.Hepsibah@yopmail.com,Goldie.Hepsibah@gmail.com,police officer,1972-06-27,Riyadh
174,Binny,Rad,Binny.Rad@yopmail.com,Binny.Rad@gmail.com,firefighter,1951-07-18,Srinagar
175,Pamella,Valoniah,Pamella.Valoniah@yopmail.com,Pamella.Valoniah@gmail.com,police officer,1963-07-10,Novosibirsk
176,Doro,Alwin,Doro.Alwin@yopmail.com,Doro.Alwin@gmail.com,worker,1931-01-11,Jakarta
177,Willetta,Shields,Willetta.Shields@yopmail.com,Willetta.Shields@gmail.com,developer,1954-08-31,Tagbilaran
178,Wilma,Bobbee,Wilma.Bobbee@yopmail.com,Wilma.Bobbee@gmail.com,doctor,1964-04-09,St. George's
179,Bertine,Raul,Bertine.Raul@yopmail.com,Bertine.Raul@gmail.com,firefighter,1946-10-04,Birkirkara
180,Madalyn,Toffic,Madalyn.Toffic@yopmail.com,Madalyn.Toffic@gmail.com,worker,1977-10-10,Valletta
181,Gwyneth,Bettine,Gwyneth.Bettine@yopmail.com,Gwyneth.Bettine@gmail.com,firefighter,1965-08-07,Buffalo
182,Lyssa,Alva,Lyssa.Alva@yopmail.com,Lyssa.Alva@gmail.com,developer,2002-07-24,Brasília
183,Kial,Vittoria,Kial.Vittoria@yopmail.com,Kial.Vittoria@gmail.com,police officer,1981-12-21,Padang
184,Jenda,Carleen,Jenda.Carleen@yopmail.com,Jenda.Carleen@gmail.com,worker,1959-06-02,Shenzhen
185,Zondra,August,Zondra.August@yopmail.com,Zondra.August@gmail.com,developer,1955-04-19,Bamako
186,Nessie,Niles,Nessie.Niles@yopmail.com,Nessie.Niles@gmail.com,doctor,2012-11-06,Guwahati
187,Patricia,Cutlerr,Patricia.Cutlerr@yopmail.com,Patricia.Cutlerr@gmail.com,worker,1977-07-23,Pago Pago
188,Hildegaard,Adore,Hildegaard.Adore@yopmail.com,Hildegaard.Adore@gmail.com,worker,1928-07-20,Ipoh
189,Jenda,Berl,Jenda.Berl@yopmail.com,Jenda.Berl@gmail.com,police officer,1911-01-25,Skopje
190,Liana,Dreda,Liana.Dreda@yopmail.com,Liana.Dreda@gmail.com,doctor,1974-09-13,Aberdeen
191,Linzy,Andrel,Linzy.Andrel@yopmail.com,Linzy.Andrel@gmail.com,worker,1909-11-18,Taichung
192,Claudina,Mike,Claudina.Mike@yopmail.com,Claudina.Mike@gmail.com,developer,1986-07-18,Bangkok
193,Queenie,Posner,Queenie.Posner@yopmail.com,Queenie.Posner@gmail.com,developer,1987-01-18,Santiago de Cuba
194,Libbie,Aldric,Libbie.Aldric@yopmail.com,Libbie.Aldric@gmail.com,firefighter,1982-04-09,Hyderabad
195,Justinn,Tremayne,Justinn.Tremayne@yopmail.com,Justinn.Tremayne@gmail.com,developer,1994-11-17,Islamabad
196,Fanny,Orpah,Fanny.Orpah@yopmail.com,Fanny.Orpah@gmail.com,firefighter,1901-10-06,Kyoto
197,Dale,Eugenia,Dale.Eugenia@yopmail.com,Dale.Eugenia@gmail.com,police officer,1936-08-27,Bern
198,Kimmy,Lunsford,Kimmy.Lunsford@yopmail.com,Kimmy.Lunsford@gmail.com,worker,1933-11-22,Palikir
199,Alex,Hubert,Alex.Hubert@yopmail.com,Alex.Hubert@gmail.com,worker,2005-06-19,Palembang
200,Maridel,Erich,Maridel.Erich@yopmail.com,Maridel.Erich@gmail.com,doctor,1966-03-24,El Aaiún
201,Tersina,Lymann,Tersina.Lymann@yopmail.com,Tersina.Lymann@gmail.com,developer,1988-12-16,Shigatse
202,Mureil,Baptlsta,Mureil.Baptlsta@yopmail.com,Mureil.Baptlsta@gmail.com,developer,1985-08-30,Durban
203,Damaris,Chobot,Damaris.Chobot@yopmail.com,Damaris.Chobot@gmail.com,doctor,1902-05-07,Banda Aceh
204,Livvyy,Martsen,Livvyy.Martsen@yopmail.com,Livvyy.Martsen@gmail.com,worker,1966-08-05,Fort-de-France
205,Belinda,Kirbee,Belinda.Kirbee@yopmail.com,Belinda.Kirbee@gmail.com,worker,1976-05-04,Kawasaki
206,Dulcinea,Faso,Dulcinea.Faso@yopmail.com,Dulcinea.Faso@gmail.com,firefighter,1965-06-05,Lyon
207,Fidelia,Cordi,Fidelia.Cordi@yopmail.com,Fidelia.Cordi@gmail.com,developer,1927-02-14,Nanning
208,Rosene,Rooney,Rosene.Rooney@yopmail.com,Rosene.Rooney@gmail.com,worker,2004-04-28,Fort-de-France
209,Arlena,Martsen,Arlena.Martsen@yopmail.com,Arlena.Martsen@gmail.com,doctor,1930-02-16,Majuro
210,Brana,Flyn,Brana.Flyn@yopmail.com,Brana.Flyn@gmail.com,doctor,1949-09-26,Lilongwe
211,Dede,Hilbert,Dede.Hilbert@yopmail.com,Dede.Hilbert@gmail.com,doctor,1985-01-29,Paramaribo
212,Henriette,Claudine,Henriette.Claudine@yopmail.com,Henriette.Claudine@gmail.com,firefighter,1976-11-14,Road Town
213,Lauryn,Ardra,Lauryn.Ardra@yopmail.com,Lauryn.Ardra@gmail.com,worker,2009-08-12,Taichung
214,Kamilah,Gillan,Kamilah.Gillan@yopmail.com,Kamilah.Gillan@gmail.com,police officer,1980-05-16,Quezon City
215,Ulrike,Candy,Ulrike.Candy@yopmail.com,Ulrike.Candy@gmail.com,developer,1989-09-19,Berlin
216,Elbertina,Urania,Elbertina.Urania@yopmail.com,Elbertina.Urania@gmail.com,developer,1986-07-09,Nukus
217,Mary,Mata,Mary.Mata@yopmail.com,Mary.Mata@gmail.com,developer,1998-05-15,Invercargill
218,Gisela,Nore,Gisela.Nore@yopmail.com,Gisela.Nore@gmail.com,police officer,1974-01-28,Luxembourg (city)
219,Felice,Harriman,Felice.Harriman@yopmail.com,Felice.Harriman@gmail.com,police officer,1930-04-12,Lahore
220,Linet,Brady,Linet.Brady@yopmail.com,Linet.Brady@gmail.com,firefighter,1991-11-17,Amritsar
221,Veda,Nunci,Veda.Nunci@yopmail.com,Veda.Nunci@gmail.com,firefighter,1967-08-14,Tiraspol
222,Ardys,Adrienne,Ardys.Adrienne@yopmail.com,Ardys.Adrienne@gmail.com,worker,2001-12-24,Wuhan
223,Lily,Barbey,Lily.Barbey@yopmail.com,Lily.Barbey@gmail.com,police officer,1998-10-13,Cebu City
224,Lory,Lory,Lory.Lory@yopmail.com,Lory.Lory@gmail.com,firefighter,1983-04-15,Lviv
225,Sandie,Fabiola,Sandie.Fabiola@yopmail.com,Sandie.Fabiola@gmail.com,firefighter,1941-06-17,Budapest
226,Ashlee,Publia,Ashlee.Publia@yopmail.com,Ashlee.Publia@gmail.com,police officer,1971-08-31,Kanpur
227,Bobinette,Barbey,Bobinette.Barbey@yopmail.com,Bobinette.Barbey@gmail.com,doctor,1957-02-03,Dili
228,Joceline,Suzetta,Joceline.Suzetta@yopmail.com,Joceline.Suzetta@gmail.com,developer,1918-01-03,Düsseldorf
229,Reeba,Tannie,Reeba.Tannie@yopmail.com,Reeba.Tannie@gmail.com,worker,1998-05-05,Fort-de-France
230,Joeann,Merell,Joeann.Merell@yopmail.com,Joeann.Merell@gmail.com,developer,2009-04-13,Macau
231,Aryn,Wattenberg,Aryn.Wattenberg@yopmail.com,Aryn.Wattenberg@gmail.com,police officer,2019-12-19,Quebec City
232,Adriana,Michella,Adriana.Michella@yopmail.com,Adriana.Michella@gmail.com,police officer,1916-01-28,Charlottetown
233,Vevay,Charmine,Vevay.Charmine@yopmail.com,Vevay.Charmine@gmail.com,doctor,1979-04-02,Rio Branco
234,Mathilda,Idelia,Mathilda.Idelia@yopmail.com,Mathilda.Idelia@gmail.com,firefighter,1975-12-29,Fortaleza
235,Laure,Cutlerr,Laure.Cutlerr@yopmail.com,Laure.Cutlerr@gmail.com,worker,1990-01-17,Antwerp
236,Tina,Dermott,Tina.Dermott@yopmail.com,Tina.Dermott@gmail.com,worker,1990-04-11,Rockhampton
237,Nanete,Larochelle,Nanete.Larochelle@yopmail.com,Nanete.Larochelle@gmail.com,developer,1963-04-26,Guwahati
238,Dagmar,Schalles,Dagmar.Schalles@yopmail.com,Dagmar.Schalles@gmail.com,firefighter,1970-01-12,Dili
239,Basia,Georas,Basia.Georas@yopmail.com,Basia.Georas@gmail.com,developer,1989-07-21,Horta (Azores)
240,Dacia,Warthman,Dacia.Warthman@yopmail.com,Dacia.Warthman@gmail.com,doctor,1931-10-17,Douglas
241,Marcelline,Fiester,Marcelline.Fiester@yopmail.com,Marcelline.Fiester@gmail.com,developer,1964-07-18,Campinas
242,Dagmar,Mott,Dagmar.Mott@yopmail.com,Dagmar.Mott@gmail.com,police officer,1909-10-27,Seoul
243,Riannon,Valoniah,Riannon.Valoniah@yopmail.com,Riannon.Valoniah@gmail.com,doctor,2011-11-15,Banjul
244,Phylis,Haerr,Phylis.Haerr@yopmail.com,Phylis.Haerr@gmail.com,doctor,1961-02-09,Papeete
245,Pamella,Andrel,Pamella.Andrel@yopmail.com,Pamella.Andrel@gmail.com,police officer,1951-10-10,Durango
246,Rosanne,Cecile,Rosanne.Cecile@yopmail.com,Rosanne.Cecile@gmail.com,doctor,1945-08-10,Road Town
247,Ileana,Soneson,Ileana.Soneson@yopmail.com,Ileana.Soneson@gmail.com,police officer,1912-04-30,Melbourne
248,Leanna,Kesley,Leanna.Kesley@yopmail.com,Leanna.Kesley@gmail.com,firefighter,1920-03-03,San Carlos de Bariloche
249,Lauryn,Callista,Lauryn.Callista@yopmail.com,Lauryn.Callista@gmail.com,developer,1970-04-04,Peshawar
250,Maurene,Koehler,Maurene.Koehler@yopmail.com,Maurene.Koehler@gmail.com,developer,1944-07-03,Saint-Denis
251,Gale,Hessler,Gale.Hessler@yopmail.com,Gale.Hessler@gmail.com,developer,2016-12-06,Cebu City
252,Shaine,Roxanna,Shaine.Roxanna@yopmail.com,Shaine.Roxanna@gmail.com,developer,2018-01-21,Graz
253,Mady,Smitt,Mady.Smitt@yopmail.com,Mady.Smitt@gmail.com,worker,1921-01-27,Forked River
254,Lonnie,Frendel,Lonnie.Frendel@yopmail.com,Lonnie.Frendel@gmail.com,developer,2005-12-15,Phoenix
255,Flo,Tillford,Flo.Tillford@yopmail.com,Flo.Tillford@gmail.com,worker,1995-08-03,Yakutsk
256,Lauryn,Clywd,Lauryn.Clywd@yopmail.com,Lauryn.Clywd@gmail.com,developer,1957-04-16,Memphis
257,Raina,Means,Raina.Means@yopmail.com,Raina.Means@gmail.com,police officer,2014-05-22,Anadyr (town)
258,Di,Atonsah,Di.Atonsah@yopmail.com,Di.Atonsah@gmail.com,worker,1965-03-13,Melbourne
259,Kial,Tacye,Kial.Tacye@yopmail.com,Kial.Tacye@gmail.com,firefighter,1961-04-08,Cotonou
260,Sonni,Shelba,Sonni.Shelba@yopmail.com,Sonni.Shelba@gmail.com,developer,1949-10-31,Zhengzhou
261,Deedee,Valerio,Deedee.Valerio@yopmail.com,Deedee.Valerio@gmail.com,doctor,1948-05-06,Weno
262,Mallory,Helve,Mallory.Helve@yopmail.com,Mallory.Helve@gmail.com,doctor,1935-01-06,Pago Pago
263,Christy,Bevin,Christy.Bevin@yopmail.com,Christy.Bevin@gmail.com,firefighter,1979-10-03,Yekaterinburg
264,Rosaline,Capello,Rosaline.Capello@yopmail.com,Rosaline.Capello@gmail.com,firefighter,1937-01-07,Pontianak
265,Deirdre,Ciro,Deirdre.Ciro@yopmail.com,Deirdre.Ciro@gmail.com,police officer,1915-05-30,Charlotte
266,Blinni,Fleeta,Blinni.Fleeta@yopmail.com,Blinni.Fleeta@gmail.com,worker,1966-08-29,Espoo
267,Sidoney,Mintz,Sidoney.Mintz@yopmail.com,Sidoney.Mintz@gmail.com,worker,1967-07-27,Jaipur
268,Gabi,Millda,Gabi.Millda@yopmail.com,Gabi.Millda@gmail.com,worker,1905-06-06,Pyongyang
269,Glynnis,Vins,Glynnis.Vins@yopmail.com,Glynnis.Vins@gmail.com,doctor,1947-10-09,Nicosia
270,Trixi,Cassius,Trixi.Cassius@yopmail.com,Trixi.Cassius@gmail.com,developer,1951-03-09,Barcelona
271,Jere,Klemperer,Jere.Klemperer@yopmail.com,Jere.Klemperer@gmail.com,firefighter,1901-08-28,Indianapolis
272,Berget,Merna,Berget.Merna@yopmail.com,Berget.Merna@gmail.com,doctor,1904-08-16,Glasgow
273,Mamie,Cath,Mamie.Cath@yopmail.com,Mamie.Cath@gmail.com,developer,1965-09-14,Karachi
274,Shell,Cordi,Shell.Cordi@yopmail.com,Shell.Cordi@gmail.com,police officer,1941-09-27,Brikama
275,Tomasina,Pillsbury,Tomasina.Pillsbury@yopmail.com,Tomasina.Pillsbury@gmail.com,firefighter,1904-07-02,Kabul
276,Trixi,Llovera,Trixi.Llovera@yopmail.com,Trixi.Llovera@gmail.com,doctor,1981-09-06,Barranquilla
277,Kerrin,Mathilde,Kerrin.Mathilde@yopmail.com,Kerrin.Mathilde@gmail.com,firefighter,1971-07-25,Moscow
278,Concettina,Hanleigh,Concettina.Hanleigh@yopmail.com,Concettina.Hanleigh@gmail.com,developer,1992-10-26,Calgary
279,Verla,Rosalba,Verla.Rosalba@yopmail.com,Verla.Rosalba@gmail.com,firefighter,1903-06-23,Vatican City
280,Corina,Stefa,Corina.Stefa@yopmail.com,Corina.Stefa@gmail.com,developer,2000-08-12,Cork (city)
281,Vivia,Stevy,Vivia.Stevy@yopmail.com,Vivia.Stevy@gmail.com,worker,1931-10-25,Palma
282,Magdalena,Karl,Magdalena.Karl@yopmail.com,Magdalena.Karl@gmail.com,doctor,1973-10-27,Düsseldorf
283,Tilly,Thilda,Tilly.Thilda@yopmail.com,Tilly.Thilda@gmail.com,developer,1911-08-05,Surabaya
284,Britte,Poll,Britte.Poll@yopmail.com,Britte.Poll@gmail.com,developer,1920-04-06,Jerusalem
285,Amara,Isidore,Amara.Isidore@yopmail.com,Amara.Isidore@gmail.com,developer,1944-03-07,Saint Petersburg
286,Philis,Macey,Philis.Macey@yopmail.com,Philis.Macey@gmail.com,developer,1946-03-05,Makassar
287,Penelopa,Bergman,Penelopa.Bergman@yopmail.com,Penelopa.Bergman@gmail.com,firefighter,1945-06-04,Tokyo
288,Dale,Kauppi,Dale.Kauppi@yopmail.com,Dale.Kauppi@gmail.com,worker,1904-09-06,Bishkek
289,Nelle,McAdams,Nelle.McAdams@yopmail.com,Nelle.McAdams@gmail.com,doctor,1952-08-05,Andorra la Vella
290,Orelia,Fiester,Orelia.Fiester@yopmail.com,Orelia.Fiester@gmail.com,developer,2013-02-10,Hanoi
291,Doralynne,Merell,Doralynne.Merell@yopmail.com,Doralynne.Merell@gmail.com,developer,1900-03-26,Padang
292,Annaliese,Honoria,Annaliese.Honoria@yopmail.com,Annaliese.Honoria@gmail.com,firefighter,1989-01-24,Geelong
293,Susette,Luhe,Susette.Luhe@yopmail.com,Susette.Luhe@gmail.com,police officer,1915-07-08,Kunming
294,Flory,Codding,Flory.Codding@yopmail.com,Flory.Codding@gmail.com,developer,1964-04-15,Ambon
295,Sandie,Liva,Sandie.Liva@yopmail.com,Sandie.Liva@gmail.com,worker,2010-01-17,Nizhny Novgorod
296,Jennica,Bartlett,Jennica.Bartlett@yopmail.com,Jennica.Bartlett@gmail.com,developer,1950-09-27,Düsseldorf
297,Lauryn,Marcellus,Lauryn.Marcellus@yopmail.com,Lauryn.Marcellus@gmail.com,doctor,1949-10-08,Bergen
298,Raina,August,Raina.August@yopmail.com,Raina.August@gmail.com,firefighter,1907-04-21,Quetzaltenango
299,Elise,Sharl,Elise.Sharl@yopmail.com,Elise.Sharl@gmail.com,firefighter,2014-10-22,Pune
300,Cathyleen,Pettiford,Cathyleen.Pettiford@yopmail.com,Cathyleen.Pettiford@gmail.com,doctor,1917-07-06,Helsinki
301,Mamie,Abbot,Mamie.Abbot@yopmail.com,Mamie.Abbot@gmail.com,police officer,1994-06-19,Longyearbyen
302,Lorne,Tillford,Lorne.Tillford@yopmail.com,Lorne.Tillford@gmail.com,doctor,1995-05-10,Shanghai
303,Gabi,Scammon,Gabi.Scammon@yopmail.com,Gabi.Scammon@gmail.com,doctor,1949-07-08,Pretoria
304,Aili,Edison,Aili.Edison@yopmail.com,Aili.Edison@gmail.com,police officer,1983-08-31,Wellington
305,Daune,Buttaro,Daune.Buttaro@yopmail.com,Daune.Buttaro@gmail.com,worker,1958-12-31,Rosario
306,Janis,Doig,Janis.Doig@yopmail.com,Janis.Doig@gmail.com,developer,1943-08-08,Libreville
307,Gilda,Zeeba,Gilda.Zeeba@yopmail.com,Gilda.Zeeba@gmail.com,doctor,1953-03-15,San José
308,Albertina,Daveta,Albertina.Daveta@yopmail.com,Albertina.Daveta@gmail.com,firefighter,1911-12-13,Prague
309,Ileana,Allys,Ileana.Allys@yopmail.com,Ileana.Allys@gmail.com,police officer,1968-11-20,Busan
310,Jorry,Knowling,Jorry.Knowling@yopmail.com,Jorry.Knowling@gmail.com,doctor,1951-03-13,Maceió
311,Sandie,Serilda,Sandie.Serilda@yopmail.com,Sandie.Serilda@gmail.com,firefighter,1979-11-29,Wollongong
312,Genevra,Heidt,Genevra.Heidt@yopmail.com,Genevra.Heidt@gmail.com,doctor,1935-01-18,Nantes
313,Georgina,O'Rourke,Georgina.O'Rourke@yopmail.com,Georgina.O'Rourke@gmail.com,worker,1953-06-28,Ndola
314,Norine,Belldas,Norine.Belldas@yopmail.com,Norine.Belldas@gmail.com,doctor,1999-09-25,Greenwich
315,Lorne,Sherfield,Lorne.Sherfield@yopmail.com,Lorne.Sherfield@gmail.com,doctor,1940-07-21,Agartala
316,Tani,Bergman,Tani.Bergman@yopmail.com,Tani.Bergman@gmail.com,police officer,1908-02-27,Kingston
317,Sissy,Lynn,Sissy.Lynn@yopmail.com,Sissy.Lynn@gmail.com,worker,1998-12-06,Vancouver
318,Anestassia,Alrich,Anestassia.Alrich@yopmail.com,Anestassia.Alrich@gmail.com,police officer,1929-03-04,George Town
319,Pearline,Colleen,Pearline.Colleen@yopmail.com,Pearline.Colleen@gmail.com,worker,1959-05-07,Yokohama
320,Raina,Brackely,Raina.Brackely@yopmail.com,Raina.Brackely@gmail.com,doctor,1907-01-12,City of Halifax
321,Adelle,Kristi,Adelle.Kristi@yopmail.com,Adelle.Kristi@gmail.com,doctor,1971-08-24,Majuro
322,Brianna,Ovid,Brianna.Ovid@yopmail.com,Brianna.Ovid@gmail.com,firefighter,1931-11-16,Curitiba
323,Carmela,Dawkins,Carmela.Dawkins@yopmail.com,Carmela.Dawkins@gmail.com,doctor,2011-01-28,Cartagena
324,Hollie,Audly,Hollie.Audly@yopmail.com,Hollie.Audly@gmail.com,police officer,1948-06-05,Pyongyang
325,Madeleine,Cornelia,Madeleine.Cornelia@yopmail.com,Madeleine.Cornelia@gmail.com,worker,1960-12-07,Chongjin
326,Regina,Ethban,Regina.Ethban@yopmail.com,Regina.Ethban@gmail.com,firefighter,1936-11-27,Willemstad
327,Rosaline,Sinegold,Rosaline.Sinegold@yopmail.com,Rosaline.Sinegold@gmail.com,firefighter,2016-10-30,El Paso
328,Beth,Erskine,Beth.Erskine@yopmail.com,Beth.Erskine@gmail.com,developer,1936-11-16,Juneau
329,Edyth,Zenas,Edyth.Zenas@yopmail.com,Edyth.Zenas@gmail.com,police officer,2005-03-06,Ahmedabad
330,Debee,Friede,Debee.Friede@yopmail.com,Debee.Friede@gmail.com,developer,1980-06-10,Ottawa
331,Deloria,Destinee,Deloria.Destinee@yopmail.com,Deloria.Destinee@gmail.com,doctor,1975-04-06,Belize City
332,Claudina,Pearse,Claudina.Pearse@yopmail.com,Claudina.Pearse@gmail.com,firefighter,1910-11-27,Peshawar
333,Chrystel,Berriman,Chrystel.Berriman@yopmail.com,Chrystel.Berriman@gmail.com,worker,1993-12-06,Paramaribo
334,Amii,Chandler,Amii.Chandler@yopmail.com,Amii.Chandler@gmail.com,developer,2012-02-27,Málaga
335,Bettine,Shanley,Bettine.Shanley@yopmail.com,Bettine.Shanley@gmail.com,worker,1952-03-26,Suva
336,Aimil,Poll,Aimil.Poll@yopmail.com,Aimil.Poll@gmail.com,doctor,1923-03-26,Nassau
337,Binny,Nickola,Binny.Nickola@yopmail.com,Binny.Nickola@gmail.com,doctor,1935-11-14,South Tarawa
338,Vinita,Marcellus,Vinita.Marcellus@yopmail.com,Vinita.Marcellus@gmail.com,worker,2014-09-26,Sapporo
339,Jaclyn,Lamoree,Jaclyn.Lamoree@yopmail.com,Jaclyn.Lamoree@gmail.com,police officer,1917-07-13,Weno
340,Tersina,Philoo,Tersina.Philoo@yopmail.com,Tersina.Philoo@gmail.com,firefighter,2001-08-13,Ludhiana
341,Pierette,Catie,Pierette.Catie@yopmail.com,Pierette.Catie@gmail.com,developer,1917-06-15,Bangui
342,Felice,Merriott,Felice.Merriott@yopmail.com,Felice.Merriott@gmail.com,worker,1933-11-19,Kuwait City
343,Marylou,Maroney,Marylou.Maroney@yopmail.com,Marylou.Maroney@gmail.com,worker,1947-04-07,Yakutsk
344,Ursulina,Linskey,Ursulina.Linskey@yopmail.com,Ursulina.Linskey@gmail.com,firefighter,1955-01-27,Roseau
345,Dorice,Baudin,Dorice.Baudin@yopmail.com,Dorice.Baudin@gmail.com,firefighter,1910-08-16,Ashgabat
346,Kristina,Stuart,Kristina.Stuart@yopmail.com,Kristina.Stuart@gmail.com,police officer,1989-09-14,Basse-Terre
347,Roberta,Michella,Roberta.Michella@yopmail.com,Roberta.Michella@gmail.com,worker,1995-12-31,Austin
348,Hyacinthe,Ciapas,Hyacinthe.Ciapas@yopmail.com,Hyacinthe.Ciapas@gmail.com,firefighter,1986-11-15,Beijing
349,Micheline,Morehouse,Micheline.Morehouse@yopmail.com,Micheline.Morehouse@gmail.com,firefighter,1951-08-28,Cape Town
350,Eugine,Kare,Eugine.Kare@yopmail.com,Eugine.Kare@gmail.com,worker,1907-11-25,Ludhiana
351,Theodora,Garek,Theodora.Garek@yopmail.com,Theodora.Garek@gmail.com,police officer,1977-04-20,London
352,Di,Cleo,Di.Cleo@yopmail.com,Di.Cleo@gmail.com,worker,1910-12-06,Bergen
353,Loree,Buttaro,Loree.Buttaro@yopmail.com,Loree.Buttaro@gmail.com,police officer,1923-05-20,San José
354,Jessamyn,Chick,Jessamyn.Chick@yopmail.com,Jessamyn.Chick@gmail.com,worker,1926-03-05,Riverside
355,Ernesta,Ethban,Ernesta.Ethban@yopmail.com,Ernesta.Ethban@gmail.com,police officer,1951-07-28,Gibraltar
356,Joceline,Charmine,Joceline.Charmine@yopmail.com,Joceline.Charmine@gmail.com,doctor,1952-02-24,Makati City
357,Starla,Autrey,Starla.Autrey@yopmail.com,Starla.Autrey@gmail.com,firefighter,1974-08-03,Dalian
358,Viviene,Clara,Viviene.Clara@yopmail.com,Viviene.Clara@gmail.com,doctor,1967-03-27,Cork (city)
359,Gwyneth,Celestine,Gwyneth.Celestine@yopmail.com,Gwyneth.Celestine@gmail.com,firefighter,1998-09-24,Puerto Williams
360,Evaleen,Stacy,Evaleen.Stacy@yopmail.com,Evaleen.Stacy@gmail.com,worker,1938-03-13,Tabriz
361,Tina,Carmena,Tina.Carmena@yopmail.com,Tina.Carmena@gmail.com,developer,1926-03-26,Freetown
362,Gerianna,Auberbach,Gerianna.Auberbach@yopmail.com,Gerianna.Auberbach@gmail.com,firefighter,1951-04-25,Cayenne
363,Ana,Willie,Ana.Willie@yopmail.com,Ana.Willie@gmail.com,doctor,1941-12-09,Charlotte
364,Merci,Terrence,Merci.Terrence@yopmail.com,Merci.Terrence@gmail.com,police officer,1979-11-26,Vientiane
365,Bill,Bultman,Bill.Bultman@yopmail.com,Bill.Bultman@gmail.com,police officer,1960-07-13,Doha
366,Margalo,Karl,Margalo.Karl@yopmail.com,Margalo.Karl@gmail.com,police officer,1995-11-20,Aarhus
367,Ana,Loleta,Ana.Loleta@yopmail.com,Ana.Loleta@gmail.com,doctor,1932-03-24,Davao City
368,Marguerite,Buckler,Marguerite.Buckler@yopmail.com,Marguerite.Buckler@gmail.com,worker,2014-10-30,Auckland
369,Lauryn,Simmonds,Lauryn.Simmonds@yopmail.com,Lauryn.Simmonds@gmail.com,police officer,1901-11-07,Stanley
370,Shel,Shelba,Shel.Shelba@yopmail.com,Shel.Shelba@gmail.com,police officer,1928-07-16,Ürümqi
371,Amii,Lesley,Amii.Lesley@yopmail.com,Amii.Lesley@gmail.com,developer,1909-02-23,Andorra la Vella
372,Britte,Rodmann,Britte.Rodmann@yopmail.com,Britte.Rodmann@gmail.com,doctor,1953-05-28,Kandy
373,Leona,Buffum,Leona.Buffum@yopmail.com,Leona.Buffum@gmail.com,police officer,1995-02-08,Jamestown
374,Dode,Teddman,Dode.Teddman@yopmail.com,Dode.Teddman@gmail.com,doctor,1985-07-05,Mandurah
375,Elka,Huggins,Elka.Huggins@yopmail.com,Elka.Huggins@gmail.com,developer,1982-06-14,Toulouse
376,Lita,Bakerman,Lita.Bakerman@yopmail.com,Lita.Bakerman@gmail.com,developer,2008-09-14,Brisbane
377,Adelle,Killigrew,Adelle.Killigrew@yopmail.com,Adelle.Killigrew@gmail.com,firefighter,1901-01-07,Mbabane
378,Cyb,Orlene,Cyb.Orlene@yopmail.com,Cyb.Orlene@gmail.com,police officer,1934-06-29,Palma
379,Jasmina,Kunin,Jasmina.Kunin@yopmail.com,Jasmina.Kunin@gmail.com,worker,1988-01-02,Calgary
380,Linet,Klotz,Linet.Klotz@yopmail.com,Linet.Klotz@gmail.com,firefighter,1964-10-27,Cairns
381,Henriette,Ethban,Henriette.Ethban@yopmail.com,Henriette.Ethban@gmail.com,firefighter,1962-08-27,Darwin
382,Kenna,Olnee,Kenna.Olnee@yopmail.com,Kenna.Olnee@gmail.com,doctor,1969-03-28,Wonsan
383,Fanny,Sharl,Fanny.Sharl@yopmail.com,Fanny.Sharl@gmail.com,firefighter,1934-07-13,Sana'a
384,Hermione,Haldas,Hermione.Haldas@yopmail.com,Hermione.Haldas@gmail.com,worker,2014-04-28,Malmö
385,Cecile,Regan,Cecile.Regan@yopmail.com,Cecile.Regan@gmail.com,firefighter,2018-10-08,Hobart
386,Theodora,Brunell,Theodora.Brunell@yopmail.com,Theodora.Brunell@gmail.com,developer,1961-12-10,Amman
387,Arlena,Vacuva,Arlena.Vacuva@yopmail.com,Arlena.Vacuva@gmail.com,police officer,1928-05-19,Banjul
388,Iseabal,Zeeba,Iseabal.Zeeba@yopmail.com,Iseabal.Zeeba@gmail.com,firefighter,1945-01-28,Quetzaltenango
389,Leona,Naor,Leona.Naor@yopmail.com,Leona.Naor@gmail.com,firefighter,1989-09-03,Lahore
390,Gusty,Sisile,Gusty.Sisile@yopmail.com,Gusty.Sisile@gmail.com,doctor,1961-10-29,Birkirkara
391,Jaime,Ricarda,Jaime.Ricarda@yopmail.com,Jaime.Ricarda@gmail.com,doctor,1995-12-23,Málaga
392,Brianna,Natica,Brianna.Natica@yopmail.com,Brianna.Natica@gmail.com,firefighter,1959-10-22,Cotonou
393,Dari,Marijo,Dari.Marijo@yopmail.com,Dari.Marijo@gmail.com,worker,2006-09-05,Manila
394,Eugine,Constancy,Eugine.Constancy@yopmail.com,Eugine.Constancy@gmail.com,worker,1931-07-11,Adamstown
395,Kristina,Damarra,Kristina.Damarra@yopmail.com,Kristina.Damarra@gmail.com,doctor,1932-02-17,Forked River
396,Deane,Zuzana,Deane.Zuzana@yopmail.com,Deane.Zuzana@gmail.com,firefighter,1963-03-21,Chengdu
397,Agnese,Teryn,Agnese.Teryn@yopmail.com,Agnese.Teryn@gmail.com,firefighter,1913-10-11,Kigali
398,Pamella,Kauppi,Pamella.Kauppi@yopmail.com,Pamella.Kauppi@gmail.com,firefighter,1938-08-19,Thimphu
399,Orelia,Niles,Orelia.Niles@yopmail.com,Orelia.Niles@gmail.com,police officer,1925-09-20,Bogor
400,Dale,Dom,Dale.Dom@yopmail.com,Dale.Dom@gmail.com,worker,1935-05-23,Leipzig
401,Danika,Brady,Danika.Brady@yopmail.com,Danika.Brady@gmail.com,developer,2012-03-20,Lviv
402,Maisey,Solitta,Maisey.Solitta@yopmail.com,Maisey.Solitta@gmail.com,worker,1981-05-20,Dongguan
403,Britte,Camden,Britte.Camden@yopmail.com,Britte.Camden@gmail.com,firefighter,1948-12-20,Manila
404,Lulita,Pacorro,Lulita.Pacorro@yopmail.com,Lulita.Pacorro@gmail.com,developer,2008-01-15,Cairo
405,Tamqrah,Pearse,Tamqrah.Pearse@yopmail.com,Tamqrah.Pearse@gmail.com,firefighter,1935-12-13,Porto
406,Gisela,Mozelle,Gisela.Mozelle@yopmail.com,Gisela.Mozelle@gmail.com,firefighter,1913-09-30,Hamilton
407,Veda,Claudine,Veda.Claudine@yopmail.com,Veda.Claudine@gmail.com,developer,1963-05-22,Tirana
408,Vita,Codding,Vita.Codding@yopmail.com,Vita.Codding@gmail.com,doctor,1997-11-15,Taiyuan
409,Phylis,Ingra,Phylis.Ingra@yopmail.com,Phylis.Ingra@gmail.com,doctor,1979-11-05,Tripoli
410,Penelopa,Christine,Penelopa.Christine@yopmail.com,Penelopa.Christine@gmail.com,doctor,2011-08-16,Addis Ababa
411,Hettie,Rheingold,Hettie.Rheingold@yopmail.com,Hettie.Rheingold@gmail.com,firefighter,1976-06-26,Marrakech
412,Gerianna,Albertine,Gerianna.Albertine@yopmail.com,Gerianna.Albertine@gmail.com,doctor,2015-10-21,Saipan
413,Christal,Yate,Christal.Yate@yopmail.com,Christal.Yate@gmail.com,developer,1928-07-03,Fredericton
414,Belva,Corabella,Belva.Corabella@yopmail.com,Belva.Corabella@gmail.com,worker,2015-03-17,Tehran
415,Sheelagh,Stephie,Sheelagh.Stephie@yopmail.com,Sheelagh.Stephie@gmail.com,doctor,1943-12-13,Palembang
416,Kimmy,Uund,Kimmy.Uund@yopmail.com,Kimmy.Uund@gmail.com,developer,1908-10-14,Adamstown
417,Ellette,Mauer,Ellette.Mauer@yopmail.com,Ellette.Mauer@gmail.com,developer,1950-01-27,Dallas
418,Juliane,Lymann,Juliane.Lymann@yopmail.com,Juliane.Lymann@gmail.com,firefighter,1970-10-14,Tbilisi
419,Edyth,Fleeta,Edyth.Fleeta@yopmail.com,Edyth.Fleeta@gmail.com,doctor,1953-10-29,Santa Cruz de la Sierra
420,Sybille,Xerxes,Sybille.Xerxes@yopmail.com,Sybille.Xerxes@gmail.com,doctor,1928-08-11,Kharkiv
421,Renae,Aurelio,Renae.Aurelio@yopmail.com,Renae.Aurelio@gmail.com,doctor,1962-06-22,Campo Grande
422,Lorne,Iaverne,Lorne.Iaverne@yopmail.com,Lorne.Iaverne@gmail.com,doctor,1999-12-16,Odessa
423,Tatiania,Seagraves,Tatiania.Seagraves@yopmail.com,Tatiania.Seagraves@gmail.com,worker,2008-10-19,Shenyang
424,Fernande,Olin,Fernande.Olin@yopmail.com,Fernande.Olin@gmail.com,firefighter,1932-02-25,Oranjestad
425,Sibella,LaRue,Sibella.LaRue@yopmail.com,Sibella.LaRue@gmail.com,firefighter,1946-08-03,Montreal
426,Doralynne,Wattenberg,Doralynne.Wattenberg@yopmail.com,Doralynne.Wattenberg@gmail.com,developer,1980-07-10,Lobamba
427,Minne,Means,Minne.Means@yopmail.com,Minne.Means@gmail.com,police officer,1966-10-30,Strasbourg
428,Nadine,Devlen,Nadine.Devlen@yopmail.com,Nadine.Devlen@gmail.com,doctor,1912-11-17,Buenos Aires
429,Debee,Millda,Debee.Millda@yopmail.com,Debee.Millda@gmail.com,worker,1922-05-02,Bloemfontein
430,Linzy,Ventre,Linzy.Ventre@yopmail.com,Linzy.Ventre@gmail.com,firefighter,1995-07-03,Melbourne
431,Caryl,Mehalek,Caryl.Mehalek@yopmail.com,Caryl.Mehalek@gmail.com,doctor,1913-08-01,Kraków
432,Ariela,Nisbet,Ariela.Nisbet@yopmail.com,Ariela.Nisbet@gmail.com,doctor,1981-08-24,Mata-Utu
433,Carlie,Milde,Carlie.Milde@yopmail.com,Carlie.Milde@gmail.com,firefighter,2011-07-15,Ürümqi
434,Ileana,Rocray,Ileana.Rocray@yopmail.com,Ileana.Rocray@gmail.com,worker,1968-02-12,Tashkent
435,Emylee,Eno,Emylee.Eno@yopmail.com,Emylee.Eno@gmail.com,developer,1918-06-18,Manila
436,Florie,Voletta,Florie.Voletta@yopmail.com,Florie.Voletta@gmail.com,doctor,2011-10-21,Dunedin
437,Suzette,Noam,Suzette.Noam@yopmail.com,Suzette.Noam@gmail.com,police officer,2001-06-08,Simferopol
438,Frances,Hamil,Frances.Hamil@yopmail.com,Frances.Hamil@gmail.com,police officer,1913-01-23,Quebec City
439,Wanda,Donell,Wanda.Donell@yopmail.com,Wanda.Donell@gmail.com,police officer,1918-08-09,Papeete
440,Julieta,Wandie,Julieta.Wandie@yopmail.com,Julieta.Wandie@gmail.com,doctor,1982-05-21,Budapest
441,Kellen,Connelly,Kellen.Connelly@yopmail.com,Kellen.Connelly@gmail.com,developer,1932-08-14,Fortaleza
442,Joleen,Kamaria,Joleen.Kamaria@yopmail.com,Joleen.Kamaria@gmail.com,firefighter,1929-11-02,Phoenix
443,Tybie,Wadell,Tybie.Wadell@yopmail.com,Tybie.Wadell@gmail.com,firefighter,2015-06-13,Balikpapan
444,Minda,Kellby,Minda.Kellby@yopmail.com,Minda.Kellby@gmail.com,firefighter,1911-06-05,Kyoto
445,Janis,Bartlett,Janis.Bartlett@yopmail.com,Janis.Bartlett@gmail.com,firefighter,1929-05-03,Turin
446,Ana,Schenck,Ana.Schenck@yopmail.com,Ana.Schenck@gmail.com,worker,1916-08-02,Turin
447,Dorene,Koehler,Dorene.Koehler@yopmail.com,Dorene.Koehler@gmail.com,developer,1913-11-07,Hiroshima
448,Hayley,Sperling,Hayley.Sperling@yopmail.com,Hayley.Sperling@gmail.com,firefighter,2013-07-12,Taiyuan
449,Mureil,Cyrie,Mureil.Cyrie@yopmail.com,Mureil.Cyrie@gmail.com,worker,1906-03-27,Yokohama
450,Wilma,Leifeste,Wilma.Leifeste@yopmail.com,Wilma.Leifeste@gmail.com,doctor,2015-06-07,Melekeok
451,Nollie,Jalbert,Nollie.Jalbert@yopmail.com,Nollie.Jalbert@gmail.com,police officer,1931-01-25,Handan
452,Roz,Kiyoshi,Roz.Kiyoshi@yopmail.com,Roz.Kiyoshi@gmail.com,worker,1935-05-23,Horta (Azores)
453,Letizia,Silvan,Letizia.Silvan@yopmail.com,Letizia.Silvan@gmail.com,doctor,1980-06-21,Tripoli
454,Miquela,Lindemann,Miquela.Lindemann@yopmail.com,Miquela.Lindemann@gmail.com,developer,1984-11-15,Oklahoma City
455,Jobi,Natica,Jobi.Natica@yopmail.com,Jobi.Natica@gmail.com,firefighter,1987-12-30,Amman
456,Lily,Thunell,Lily.Thunell@yopmail.com,Lily.Thunell@gmail.com,worker,1912-09-12,Dubai
457,Debee,Carolin,Debee.Carolin@yopmail.com,Debee.Carolin@gmail.com,doctor,2001-12-22,Shenzhen
458,Jessamyn,Ricki,Jessamyn.Ricki@yopmail.com,Jessamyn.Ricki@gmail.com,police officer,1914-08-23,Mexicali
459,Willetta,Stilwell,Willetta.Stilwell@yopmail.com,Willetta.Stilwell@gmail.com,worker,1905-11-24,Omsk
460,Clo,Seligman,Clo.Seligman@yopmail.com,Clo.Seligman@gmail.com,worker,1917-09-23,Hai Phong
461,Damaris,Fiann,Damaris.Fiann@yopmail.com,Damaris.Fiann@gmail.com,firefighter,1960-06-19,Tehran
462,Madalyn,Danby,Madalyn.Danby@yopmail.com,Madalyn.Danby@gmail.com,doctor,1949-10-20,St. Louis
463,Vanessa,Geffner,Vanessa.Geffner@yopmail.com,Vanessa.Geffner@gmail.com,police officer,1971-10-12,Mashhad
464,Kristina,Mallon,Kristina.Mallon@yopmail.com,Kristina.Mallon@gmail.com,developer,1940-01-29,Jakarta
465,Candi,Nickola,Candi.Nickola@yopmail.com,Candi.Nickola@gmail.com,doctor,1982-10-08,Malé
466,Brena,Doig,Brena.Doig@yopmail.com,Brena.Doig@gmail.com,doctor,1981-12-22,Manaus
467,Arlina,Kaja,Arlina.Kaja@yopmail.com,Arlina.Kaja@gmail.com,firefighter,1982-12-05,Gdańsk
468,Bobbi,Alwin,Bobbi.Alwin@yopmail.com,Bobbi.Alwin@gmail.com,firefighter,1907-03-22,Hagåtña
469,Fredericka,Vilma,Fredericka.Vilma@yopmail.com,Fredericka.Vilma@gmail.com,police officer,1906-11-25,Yakutsk
470,Gisela,Emmy,Gisela.Emmy@yopmail.com,Gisela.Emmy@gmail.com,firefighter,1926-05-16,Bratislava
471,Ilse,Duwalt,Ilse.Duwalt@yopmail.com,Ilse.Duwalt@gmail.com,firefighter,1921-04-07,Ouagadougou
472,Marti,Si,Marti.Si@yopmail.com,Marti.Si@gmail.com,firefighter,1938-12-29,Portland
473,Halette,Paton,Halette.Paton@yopmail.com,Halette.Paton@gmail.com,worker,1977-04-20,Las Vegas
474,Cassandra,Destinee,Cassandra.Destinee@yopmail.com,Cassandra.Destinee@gmail.com,police officer,1974-11-03,Hanover
475,Lily,Simmonds,Lily.Simmonds@yopmail.com,Lily.Simmonds@gmail.com,doctor,2019-09-21,Brazzaville
476,Hyacinthe,Bandeen,Hyacinthe.Bandeen@yopmail.com,Hyacinthe.Bandeen@gmail.com,firefighter,2014-10-13,Skopje
477,Ethel,Old,Ethel.Old@yopmail.com,Ethel.Old@gmail.com,doctor,1916-09-11,Cuiabá
478,Grier,Allina,Grier.Allina@yopmail.com,Grier.Allina@gmail.com,worker,1934-09-09,Belfast
479,Maurene,Anestassia,Maurene.Anestassia@yopmail.com,Maurene.Anestassia@gmail.com,doctor,2017-04-30,Rochester
480,Brandise,Soneson,Brandise.Soneson@yopmail.com,Brandise.Soneson@gmail.com,developer,2019-06-26,Belize City
481,Alameda,Howlyn,Alameda.Howlyn@yopmail.com,Alameda.Howlyn@gmail.com,worker,1945-01-13,Helsinki
482,Alyda,Zamora,Alyda.Zamora@yopmail.com,Alyda.Zamora@gmail.com,police officer,1981-06-23,Lanzhou
483,Tabbatha,Faust,Tabbatha.Faust@yopmail.com,Tabbatha.Faust@gmail.com,developer,1931-08-19,Honolulu
484,Celestyna,Shields,Celestyna.Shields@yopmail.com,Celestyna.Shields@gmail.com,firefighter,2015-10-21,Ushuaia
485,Berget,Gilmour,Berget.Gilmour@yopmail.com,Berget.Gilmour@gmail.com,firefighter,1985-01-28,Bursa
486,Nananne,Wooster,Nananne.Wooster@yopmail.com,Nananne.Wooster@gmail.com,firefighter,1928-10-24,Palembang
487,Latisha,Shama,Latisha.Shama@yopmail.com,Latisha.Shama@gmail.com,police officer,2011-02-14,Malang
488,Karolina,Nedrud,Karolina.Nedrud@yopmail.com,Karolina.Nedrud@gmail.com,firefighter,1996-03-18,Kota Kinabalu
489,Claudina,Winnick,Claudina.Winnick@yopmail.com,Claudina.Winnick@gmail.com,firefighter,1929-12-06,Miri
490,Calla,Andrel,Calla.Andrel@yopmail.com,Calla.Andrel@gmail.com,firefighter,1942-10-12,New Orleans
491,Darlleen,Sacken,Darlleen.Sacken@yopmail.com,Darlleen.Sacken@gmail.com,firefighter,1990-10-14,Macau
492,Michaelina,Richers,Michaelina.Richers@yopmail.com,Michaelina.Richers@gmail.com,police officer,2003-06-06,Tamale
493,Ida,Rosalba,Ida.Rosalba@yopmail.com,Ida.Rosalba@gmail.com,firefighter,1915-05-13,Saint Petersburg
494,Shaylyn,Payson,Shaylyn.Payson@yopmail.com,Shaylyn.Payson@gmail.com,police officer,2005-12-14,Fukuoka
495,Merrie,Amasa,Merrie.Amasa@yopmail.com,Merrie.Amasa@gmail.com,firefighter,1910-05-30,Jersey City
496,Viki,Bibi,Viki.Bibi@yopmail.com,Viki.Bibi@gmail.com,firefighter,1907-05-16,Cleveland
497,Cindelyn,Mata,Cindelyn.Mata@yopmail.com,Cindelyn.Mata@gmail.com,developer,1978-03-21,Saskatoon
498,Jessamyn,Bronk,Jessamyn.Bronk@yopmail.com,Jessamyn.Bronk@gmail.com,doctor,1985-06-14,Havana
499,Liana,Seagraves,Liana.Seagraves@yopmail.com,Liana.Seagraves@gmail.com,doctor,1979-10-02,Rome
500,Alia,Braun,Alia.Braun@yopmail.com,Alia.Braun@gmail.com,developer,1933-12-03,Phoenix
501,Madeleine,Dom,Madeleine.Dom@yopmail.com,Madeleine.Dom@gmail.com,doctor,1951-07-15,Adana
502,Kerrin,Burnside,Kerrin.Burnside@yopmail.com,Kerrin.Burnside@gmail.com,firefighter,1913-02-09,Podgorica
503,Kristina,Strephon,Kristina.Strephon@yopmail.com,Kristina.Strephon@gmail.com,worker,1910-05-15,Srinagar
504,Jaclyn,Ruvolo,Jaclyn.Ruvolo@yopmail.com,Jaclyn.Ruvolo@gmail.com,doctor,1955-04-29,Tbilisi
505,Florie,Dahlia,Florie.Dahlia@yopmail.com,Florie.Dahlia@gmail.com,doctor,1902-03-29,Stockholm
506,Xylina,Marcellus,Xylina.Marcellus@yopmail.com,Xylina.Marcellus@gmail.com,firefighter,1962-06-18,Hagåtña
507,Anestassia,Tacye,Anestassia.Tacye@yopmail.com,Anestassia.Tacye@gmail.com,police officer,1921-08-13,Salt Lake City
508,Dominga,Jaylene,Dominga.Jaylene@yopmail.com,Dominga.Jaylene@gmail.com,firefighter,1981-03-25,Pekanbaru
509,Violet,Primalia,Violet.Primalia@yopmail.com,Violet.Primalia@gmail.com,firefighter,1952-04-16,Zagreb
510,Eugine,Karylin,Eugine.Karylin@yopmail.com,Eugine.Karylin@gmail.com,police officer,1960-03-11,Basse-Terre
511,Brandise,Sholley,Brandise.Sholley@yopmail.com,Brandise.Sholley@gmail.com,worker,1981-08-14,Hanga Roa
512,Ofilia,Rad,Ofilia.Rad@yopmail.com,Ofilia.Rad@gmail.com,worker,1917-11-03,Gold Coast
513,Gwyneth,Pelagias,Gwyneth.Pelagias@yopmail.com,Gwyneth.Pelagias@gmail.com,worker,2018-04-06,Srinagar
514,Gwyneth,Rona,Gwyneth.Rona@yopmail.com,Gwyneth.Rona@gmail.com,doctor,2005-04-18,Brussels
515,Atlanta,Naashom,Atlanta.Naashom@yopmail.com,Atlanta.Naashom@gmail.com,doctor,1984-06-06,Malmö
516,Margarette,Kirstin,Margarette.Kirstin@yopmail.com,Margarette.Kirstin@gmail.com,doctor,1987-09-19,Malé
517,Jean,Jenness,Jean.Jenness@yopmail.com,Jean.Jenness@gmail.com,worker,1927-03-26,Honiara
518,Jackie,Hepsibah,Jackie.Hepsibah@yopmail.com,Jackie.Hepsibah@gmail.com,firefighter,1968-07-30,Seoul
519,Shirlee,Poppy,Shirlee.Poppy@yopmail.com,Shirlee.Poppy@gmail.com,firefighter,1952-01-10,Naples
520,Ginnie,Nadia,Ginnie.Nadia@yopmail.com,Ginnie.Nadia@gmail.com,police officer,1955-02-04,Salt Lake City
521,Justinn,Helve,Justinn.Helve@yopmail.com,Justinn.Helve@gmail.com,worker,1967-02-02,Ürümqi
522,Cindelyn,Strephon,Cindelyn.Strephon@yopmail.com,Cindelyn.Strephon@gmail.com,firefighter,2009-02-14,Taichung
523,Viki,Erb,Viki.Erb@yopmail.com,Viki.Erb@gmail.com,police officer,1941-06-12,Omdurman
524,Gilligan,Raimondo,Gilligan.Raimondo@yopmail.com,Gilligan.Raimondo@gmail.com,developer,1983-10-10,Newcastle
525,Agnese,Leifeste,Agnese.Leifeste@yopmail.com,Agnese.Leifeste@gmail.com,police officer,1925-08-13,Changchun
526,Norine,Kronfeld,Norine.Kronfeld@yopmail.com,Norine.Kronfeld@gmail.com,doctor,2019-06-17,Düsseldorf
527,Janenna,Sothena,Janenna.Sothena@yopmail.com,Janenna.Sothena@gmail.com,firefighter,1974-01-04,Tucson
528,Georgetta,Artie,Georgetta.Artie@yopmail.com,Georgetta.Artie@gmail.com,doctor,1988-11-23,Lyon
529,Helena,Friede,Helena.Friede@yopmail.com,Helena.Friede@gmail.com,police officer,1941-03-24,Karachi
530,Johna,Atonsah,Johna.Atonsah@yopmail.com,Johna.Atonsah@gmail.com,worker,1955-02-23,Phuket (city)
531,Ada,Neva,Ada.Neva@yopmail.com,Ada.Neva@gmail.com,worker,1987-04-08,Berlin
532,Amara,Roscoe,Amara.Roscoe@yopmail.com,Amara.Roscoe@gmail.com,developer,1997-10-04,Iquique
533,Daryl,Meter,Daryl.Meter@yopmail.com,Daryl.Meter@gmail.com,doctor,1993-05-07,Iquique
534,Danika,Whittaker,Danika.Whittaker@yopmail.com,Danika.Whittaker@gmail.com,developer,1953-05-29,Chicago
535,Joeann,Weaks,Joeann.Weaks@yopmail.com,Joeann.Weaks@gmail.com,doctor,1995-06-25,Porto Velho
536,Nerta,Ader,Nerta.Ader@yopmail.com,Nerta.Ader@gmail.com,worker,1947-03-13,Malang
537,Ann-Marie,Goode,Ann-Marie.Goode@yopmail.com,Ann-Marie.Goode@gmail.com,doctor,1998-10-15,Douglas
538,Zaria,Garrison,Zaria.Garrison@yopmail.com,Zaria.Garrison@gmail.com,police officer,1968-05-25,Kuwait City
539,Kirbee,Chesna,Kirbee.Chesna@yopmail.com,Kirbee.Chesna@gmail.com,firefighter,1994-06-01,Majuro
540,Janeczka,Lattie,Janeczka.Lattie@yopmail.com,Janeczka.Lattie@gmail.com,police officer,1921-12-28,Campo Grande
541,Lauryn,Mathilde,Lauryn.Mathilde@yopmail.com,Lauryn.Mathilde@gmail.com,police officer,1931-03-26,Osaka
542,Devina,Dowski,Devina.Dowski@yopmail.com,Devina.Dowski@gmail.com,doctor,1989-03-11,Lima
543,Doralynne,Noam,Doralynne.Noam@yopmail.com,Doralynne.Noam@gmail.com,developer,1986-12-16,Innsbruck
544,Cordi,Dannye,Cordi.Dannye@yopmail.com,Cordi.Dannye@gmail.com,worker,1983-03-04,Bangkok
545,Ebonee,Orelee,Ebonee.Orelee@yopmail.com,Ebonee.Orelee@gmail.com,developer,2017-01-30,Santo Domingo
546,Gerianna,Prouty,Gerianna.Prouty@yopmail.com,Gerianna.Prouty@gmail.com,police officer,1992-09-17,Odessa
547,Rozele,Screens,Rozele.Screens@yopmail.com,Rozele.Screens@gmail.com,doctor,1932-09-15,Memphis
548,Bettine,Gualtiero,Bettine.Gualtiero@yopmail.com,Bettine.Gualtiero@gmail.com,developer,1930-10-14,Minsk
549,Agathe,Xerxes,Agathe.Xerxes@yopmail.com,Agathe.Xerxes@gmail.com,police officer,1921-09-07,Nouméa
550,Roberta,Cottle,Roberta.Cottle@yopmail.com,Roberta.Cottle@gmail.com,developer,1982-09-14,Xining
551,Ethel,Goldina,Ethel.Goldina@yopmail.com,Ethel.Goldina@gmail.com,doctor,1922-03-14,Port Louis
552,Tatiania,Jacinda,Tatiania.Jacinda@yopmail.com,Tatiania.Jacinda@gmail.com,firefighter,1976-07-22,Jeddah
553,Gloria,Schwejda,Gloria.Schwejda@yopmail.com,Gloria.Schwejda@gmail.com,doctor,1922-08-04,Berlin
554,Yolane,Raffo,Yolane.Raffo@yopmail.com,Yolane.Raffo@gmail.com,police officer,1901-12-09,Marseille
555,Kamilah,Nikaniki,Kamilah.Nikaniki@yopmail.com,Kamilah.Nikaniki@gmail.com,worker,1900-05-01,South Tarawa
556,Ruthe,Slifka,Ruthe.Slifka@yopmail.com,Ruthe.Slifka@gmail.com,firefighter,2000-07-29,Maceió
557,Peri,Darrell,Peri.Darrell@yopmail.com,Peri.Darrell@gmail.com,doctor,1968-09-30,Dushanbe
558,Gwyneth,Revkah,Gwyneth.Revkah@yopmail.com,Gwyneth.Revkah@gmail.com,police officer,1918-04-28,Malacca Town
559,Tarra,Byrne,Tarra.Byrne@yopmail.com,Tarra.Byrne@gmail.com,developer,1958-01-05,Ahmedabad
560,Rosanne,Kussell,Rosanne.Kussell@yopmail.com,Rosanne.Kussell@gmail.com,firefighter,1985-09-01,Pekanbaru
561,Marjie,Baylor,Marjie.Baylor@yopmail.com,Marjie.Baylor@gmail.com,worker,2014-05-30,Washington
562,Dominga,McGrody,Dominga.McGrody@yopmail.com,Dominga.McGrody@gmail.com,worker,1977-05-28,Douala
563,Margette,Podvin,Margette.Podvin@yopmail.com,Margette.Podvin@gmail.com,developer,1917-11-02,Dededo
564,Darci,LaRue,Darci.LaRue@yopmail.com,Darci.LaRue@gmail.com,doctor,2014-12-21,Francistown
565,Bertine,Sherrie,Bertine.Sherrie@yopmail.com,Bertine.Sherrie@gmail.com,developer,1964-05-30,Sukhumi
566,Janenna,Fillbert,Janenna.Fillbert@yopmail.com,Janenna.Fillbert@gmail.com,firefighter,1971-05-25,Seville
567,Alyda,Gombach,Alyda.Gombach@yopmail.com,Alyda.Gombach@gmail.com,police officer,1931-05-25,Santiago
568,Roslyn,Olnee,Roslyn.Olnee@yopmail.com,Roslyn.Olnee@gmail.com,firefighter,1956-02-27,Lima
569,Chloris,Aloise,Chloris.Aloise@yopmail.com,Chloris.Aloise@gmail.com,developer,1995-01-25,Fortaleza
570,Elbertina,Faria,Elbertina.Faria@yopmail.com,Elbertina.Faria@gmail.com,firefighter,1936-03-31,Tamale
571,Emmey,Cadmar,Emmey.Cadmar@yopmail.com,Emmey.Cadmar@gmail.com,firefighter,1948-06-11,Boa Vista
572,Tina,Hieronymus,Tina.Hieronymus@yopmail.com,Tina.Hieronymus@gmail.com,doctor,1963-11-17,Havana
573,Leia,Kravits,Leia.Kravits@yopmail.com,Leia.Kravits@gmail.com,firefighter,1943-12-16,Chuí
574,Kaia,Bevin,Kaia.Bevin@yopmail.com,Kaia.Bevin@gmail.com,doctor,1961-01-22,Rabi Island
575,Korrie,Radu,Korrie.Radu@yopmail.com,Korrie.Radu@gmail.com,firefighter,1938-04-24,Reykjavík
576,Jackie,Poll,Jackie.Poll@yopmail.com,Jackie.Poll@gmail.com,firefighter,1978-09-24,Lahore
577,Coral,Joachim,Coral.Joachim@yopmail.com,Coral.Joachim@gmail.com,firefighter,1974-12-02,Anchorage
578,Ofilia,Meli,Ofilia.Meli@yopmail.com,Ofilia.Meli@gmail.com,firefighter,1939-01-22,Kansas City
579,Quintina,Merat,Quintina.Merat@yopmail.com,Quintina.Merat@gmail.com,firefighter,1972-04-14,Sukhumi
580,Minne,Zamora,Minne.Zamora@yopmail.com,Minne.Zamora@gmail.com,developer,1941-11-17,Denver
581,Eolanda,Talia,Eolanda.Talia@yopmail.com,Eolanda.Talia@gmail.com,developer,1934-10-23,Abu Dhabi
582,Chandra,Suanne,Chandra.Suanne@yopmail.com,Chandra.Suanne@gmail.com,doctor,1960-09-06,Kano
583,Edee,Bethany,Edee.Bethany@yopmail.com,Edee.Bethany@gmail.com,developer,2016-12-28,Recife
584,Blinni,Maiah,Blinni.Maiah@yopmail.com,Blinni.Maiah@gmail.com,police officer,1939-09-17,Gaza
585,Emma,Ranjiv,Emma.Ranjiv@yopmail.com,Emma.Ranjiv@gmail.com,police officer,1946-01-27,Port Said
586,Valera,Zenas,Valera.Zenas@yopmail.com,Valera.Zenas@gmail.com,doctor,1945-07-09,Kuwait City
587,Halette,Katrine,Halette.Katrine@yopmail.com,Halette.Katrine@gmail.com,firefighter,1908-05-22,Phnom Penh
588,Lacie,Oneida,Lacie.Oneida@yopmail.com,Lacie.Oneida@gmail.com,firefighter,2014-03-21,La Paz
589,Damaris,Cohdwell,Damaris.Cohdwell@yopmail.com,Damaris.Cohdwell@gmail.com,doctor,1947-09-02,Tokyo
590,Albertina,Havens,Albertina.Havens@yopmail.com,Albertina.Havens@gmail.com,worker,1990-06-21,Hat Yai
591,Ericka,Ade,Ericka.Ade@yopmail.com,Ericka.Ade@gmail.com,police officer,1946-04-06,El Aaiún
592,Anestassia,Syd,Anestassia.Syd@yopmail.com,Anestassia.Syd@gmail.com,developer,1915-06-16,Ushuaia
593,Ileana,Rosette,Ileana.Rosette@yopmail.com,Ileana.Rosette@gmail.com,police officer,1977-09-09,Kandy
594,Thalia,Charity,Thalia.Charity@yopmail.com,Thalia.Charity@gmail.com,firefighter,1978-05-04,Kathmandu
595,Merrie,Koziara,Merrie.Koziara@yopmail.com,Merrie.Koziara@gmail.com,firefighter,1961-12-26,Newcastle
596,Ofilia,Voletta,Ofilia.Voletta@yopmail.com,Ofilia.Voletta@gmail.com,firefighter,2011-08-27,Lilongwe
597,Larine,Ax,Larine.Ax@yopmail.com,Larine.Ax@gmail.com,developer,1977-03-10,Luxembourg (city)
598,Thalia,Gladstone,Thalia.Gladstone@yopmail.com,Thalia.Gladstone@gmail.com,developer,1975-01-19,Nashville
599,Shel,Laurianne,Shel.Laurianne@yopmail.com,Shel.Laurianne@gmail.com,firefighter,2001-11-20,Xining
600,Mignon,Vins,Mignon.Vins@yopmail.com,Mignon.Vins@gmail.com,police officer,1929-08-10,Bursa
601,Fanchon,Jorgan,Fanchon.Jorgan@yopmail.com,Fanchon.Jorgan@gmail.com,developer,2019-01-01,Managua
602,Merci,Bord,Merci.Bord@yopmail.com,Merci.Bord@gmail.com,doctor,1978-05-09,Tartu
603,Sissy,Aida,Sissy.Aida@yopmail.com,Sissy.Aida@gmail.com,developer,1910-04-04,Bangui
604,Linet,Leary,Linet.Leary@yopmail.com,Linet.Leary@gmail.com,police officer,1936-08-31,Brisbane
605,Berta,McGrody,Berta.McGrody@yopmail.com,Berta.McGrody@gmail.com,developer,1926-10-06,Vitória
606,Madeleine,Nunci,Madeleine.Nunci@yopmail.com,Madeleine.Nunci@gmail.com,police officer,1989-08-03,Lomé
607,Daune,Winthorpe,Daune.Winthorpe@yopmail.com,Daune.Winthorpe@gmail.com,doctor,1942-02-09,Zamboanga City
608,Caritta,Kendrick,Caritta.Kendrick@yopmail.com,Caritta.Kendrick@gmail.com,firefighter,1969-08-19,Hangzhou
609,Julieta,Haerr,Julieta.Haerr@yopmail.com,Julieta.Haerr@gmail.com,police officer,1954-04-02,Tabriz
610,Drucie,Seligman,Drucie.Seligman@yopmail.com,Drucie.Seligman@gmail.com,developer,1982-10-26,Anchorage
611,Shaylyn,Kelula,Shaylyn.Kelula@yopmail.com,Shaylyn.Kelula@gmail.com,police officer,1908-12-04,Mwanza
612,Adore,Mike,Adore.Mike@yopmail.com,Adore.Mike@gmail.com,worker,1948-08-27,Linz
613,Meriel,Tillford,Meriel.Tillford@yopmail.com,Meriel.Tillford@gmail.com,police officer,1985-01-08,Saint-Pierre
614,Cyb,Barney,Cyb.Barney@yopmail.com,Cyb.Barney@gmail.com,firefighter,1904-04-09,Port Said
615,Correy,Craggie,Correy.Craggie@yopmail.com,Correy.Craggie@gmail.com,doctor,1980-03-24,Fredericton
616,Maryellen,Seagraves,Maryellen.Seagraves@yopmail.com,Maryellen.Seagraves@gmail.com,developer,1933-07-16,Honolulu
617,Libbie,Weaks,Libbie.Weaks@yopmail.com,Libbie.Weaks@gmail.com,police officer,1976-03-22,Tripoli
618,Beverley,Durante,Beverley.Durante@yopmail.com,Beverley.Durante@gmail.com,doctor,2010-11-21,Minneapolis
619,Aurore,Deny,Aurore.Deny@yopmail.com,Aurore.Deny@gmail.com,worker,1916-02-05,Rawalpindi
620,Jessamyn,Linehan,Jessamyn.Linehan@yopmail.com,Jessamyn.Linehan@gmail.com,doctor,1927-05-10,Mogadishu
621,Aigneis,Mauer,Aigneis.Mauer@yopmail.com,Aigneis.Mauer@gmail.com,worker,1908-07-16,Asmara
622,Evaleen,Docilla,Evaleen.Docilla@yopmail.com,Evaleen.Docilla@gmail.com,doctor,1936-07-08,Tamale
623,Lacie,Bergman,Lacie.Bergman@yopmail.com,Lacie.Bergman@gmail.com,worker,1959-12-01,Avarua
624,Carolina,Ball,Carolina.Ball@yopmail.com,Carolina.Ball@gmail.com,firefighter,1948-06-28,Nice
625,Penelopa,Raffo,Penelopa.Raffo@yopmail.com,Penelopa.Raffo@gmail.com,doctor,1966-07-23,Espoo
626,Althea,Konyn,Althea.Konyn@yopmail.com,Althea.Konyn@gmail.com,worker,2017-06-03,Seville
627,Shaine,Ralfston,Shaine.Ralfston@yopmail.com,Shaine.Ralfston@gmail.com,doctor,2011-03-25,Koulikoro
628,Dorice,Mandler,Dorice.Mandler@yopmail.com,Dorice.Mandler@gmail.com,police officer,2001-10-07,Nukulaelae
629,Brynna,Philoo,Brynna.Philoo@yopmail.com,Brynna.Philoo@gmail.com,doctor,1965-12-10,Weno
630,Raina,Stevy,Raina.Stevy@yopmail.com,Raina.Stevy@gmail.com,developer,1982-08-11,Saint-Denis
631,Noelle,Pearse,Noelle.Pearse@yopmail.com,Noelle.Pearse@gmail.com,developer,1936-08-21,Valparaíso
632,Blinni,Holtz,Blinni.Holtz@yopmail.com,Blinni.Holtz@gmail.com,developer,1974-03-23,São José dos Campos
633,Jean,Belldas,Jean.Belldas@yopmail.com,Jean.Belldas@gmail.com,firefighter,1932-01-19,Yaren District
634,Paola,Delp,Paola.Delp@yopmail.com,Paola.Delp@gmail.com,police officer,2001-05-03,Porto
635,Kerrin,Voletta,Kerrin.Voletta@yopmail.com,Kerrin.Voletta@gmail.com,police officer,1939-11-21,Malabo
636,Miquela,Kellby,Miquela.Kellby@yopmail.com,Miquela.Kellby@gmail.com,developer,1902-05-16,Rochester
637,Averyl,Land,Averyl.Land@yopmail.com,Averyl.Land@gmail.com,developer,2019-02-20,Rio de Janeiro
638,Karly,Vittoria,Karly.Vittoria@yopmail.com,Karly.Vittoria@gmail.com,developer,2003-11-18,Naypyidaw
639,Basia,Tyson,Basia.Tyson@yopmail.com,Basia.Tyson@gmail.com,developer,2015-07-25,Lahore
640,Lisette,Lalitta,Lisette.Lalitta@yopmail.com,Lisette.Lalitta@gmail.com,police officer,1977-02-26,St. Louis
641,Janenna,Evvie,Janenna.Evvie@yopmail.com,Janenna.Evvie@gmail.com,doctor,1962-03-19,Kathmandu
642,Merry,Stefa,Merry.Stefa@yopmail.com,Merry.Stefa@gmail.com,firefighter,1947-06-21,Kaesong
643,Harmonia,Milde,Harmonia.Milde@yopmail.com,Harmonia.Milde@gmail.com,firefighter,1960-09-25,Bergen
644,Blinni,Damarra,Blinni.Damarra@yopmail.com,Blinni.Damarra@gmail.com,worker,1984-08-10,Charlottetown
645,Anthia,Suk,Anthia.Suk@yopmail.com,Anthia.Suk@gmail.com,doctor,2015-02-14,Zapopan
646,Nataline,Gower,Nataline.Gower@yopmail.com,Nataline.Gower@gmail.com,worker,1940-05-10,Lyon
647,Etta,Hilbert,Etta.Hilbert@yopmail.com,Etta.Hilbert@gmail.com,doctor,1903-05-11,Brisbane
648,Meghann,Gualtiero,Meghann.Gualtiero@yopmail.com,Meghann.Gualtiero@gmail.com,developer,2001-04-21,Marseille
649,Oralee,Schlosser,Oralee.Schlosser@yopmail.com,Oralee.Schlosser@gmail.com,worker,1943-03-06,Douala
650,Bernardine,Engdahl,Bernardine.Engdahl@yopmail.com,Bernardine.Engdahl@gmail.com,doctor,1934-06-25,Baku
651,Amelia,Zamora,Amelia.Zamora@yopmail.com,Amelia.Zamora@gmail.com,doctor,2012-09-15,Saint Petersburg
652,Dianemarie,Dermott,Dianemarie.Dermott@yopmail.com,Dianemarie.Dermott@gmail.com,worker,1931-02-11,Curitiba
653,Gusty,Bord,Gusty.Bord@yopmail.com,Gusty.Bord@gmail.com,developer,1950-09-18,Bujumbura
654,Luci,Alwin,Luci.Alwin@yopmail.com,Luci.Alwin@gmail.com,doctor,1962-05-20,Mérida
655,Ursulina,Albertine,Ursulina.Albertine@yopmail.com,Ursulina.Albertine@gmail.com,firefighter,1937-10-20,Tagbilaran
656,Debee,Pierette,Debee.Pierette@yopmail.com,Debee.Pierette@gmail.com,police officer,1965-07-01,Guwahati
657,Barbara,Marcellus,Barbara.Marcellus@yopmail.com,Barbara.Marcellus@gmail.com,worker,1982-01-11,Malabo
658,Justinn,Latini,Justinn.Latini@yopmail.com,Justinn.Latini@gmail.com,firefighter,1948-04-01,Nagoya
659,Angelique,Connelly,Angelique.Connelly@yopmail.com,Angelique.Connelly@gmail.com,police officer,1987-11-09,Cockburn Town
660,Daryl,Lea,Daryl.Lea@yopmail.com,Daryl.Lea@gmail.com,worker,2005-02-05,Chennai
661,Wileen,Noam,Wileen.Noam@yopmail.com,Wileen.Noam@gmail.com,developer,2012-03-28,Port Vila
662,Rochette,Bollay,Rochette.Bollay@yopmail.com,Rochette.Bollay@gmail.com,doctor,1913-12-21,Guayaquil
663,Perry,Vharat,Perry.Vharat@yopmail.com,Perry.Vharat@gmail.com,doctor,2016-02-04,Funafuti
664,Frieda,Read,Frieda.Read@yopmail.com,Frieda.Read@gmail.com,developer,1990-10-15,Kandahar
665,Cissiee,Oneida,Cissiee.Oneida@yopmail.com,Cissiee.Oneida@gmail.com,police officer,1942-05-06,Pelotas
666,Celestyna,Earlie,Celestyna.Earlie@yopmail.com,Celestyna.Earlie@gmail.com,doctor,2002-05-24,Canberra
667,Cordi,Bonilla,Cordi.Bonilla@yopmail.com,Cordi.Bonilla@gmail.com,worker,1928-03-18,Zhengzhou
668,Basia,Hartnett,Basia.Hartnett@yopmail.com,Basia.Hartnett@gmail.com,police officer,1927-03-24,Guadalajara
669,Di,Regan,Di.Regan@yopmail.com,Di.Regan@gmail.com,firefighter,1931-08-31,Tel Aviv
670,Perry,Dielu,Perry.Dielu@yopmail.com,Perry.Dielu@gmail.com,firefighter,2012-01-27,Tallinn
671,Stevana,Hazlett,Stevana.Hazlett@yopmail.com,Stevana.Hazlett@gmail.com,doctor,1984-12-16,London
672,Zsa Zsa,Wittie,Zsa Zsa.Wittie@yopmail.com,Zsa Zsa.Wittie@gmail.com,worker,2001-12-02,Surat
673,Fanny,Narton,Fanny.Narton@yopmail.com,Fanny.Narton@gmail.com,police officer,1989-03-04,Louisville
674,Joy,Odysseus,Joy.Odysseus@yopmail.com,Joy.Odysseus@gmail.com,firefighter,1957-01-25,Nashville
675,Mariele,Travax,Mariele.Travax@yopmail.com,Mariele.Travax@gmail.com,worker,1914-07-24,Kandy
676,Lonnie,Morehouse,Lonnie.Morehouse@yopmail.com,Lonnie.Morehouse@gmail.com,doctor,1946-06-25,Phnom Penh
677,Minda,Infield,Minda.Infield@yopmail.com,Minda.Infield@gmail.com,doctor,1962-03-09,Tamale
678,Nickie,Gert,Nickie.Gert@yopmail.com,Nickie.Gert@gmail.com,worker,1962-10-01,Ibiza
679,Brooks,Lemuela,Brooks.Lemuela@yopmail.com,Brooks.Lemuela@gmail.com,firefighter,2019-04-13,Malabo
680,Odessa,Prouty,Odessa.Prouty@yopmail.com,Odessa.Prouty@gmail.com,developer,1993-11-22,Liverpool
681,Robbi,Tamar,Robbi.Tamar@yopmail.com,Robbi.Tamar@gmail.com,doctor,1963-03-20,Kano
682,Judy,Barbey,Judy.Barbey@yopmail.com,Judy.Barbey@gmail.com,police officer,1948-01-22,Melbourne
683,Genovera,Keelia,Genovera.Keelia@yopmail.com,Genovera.Keelia@gmail.com,developer,1916-01-22,Kolkata
684,Heida,Read,Heida.Read@yopmail.com,Heida.Read@gmail.com,developer,1923-06-30,Hangzhou
685,Ayn,Sammons,Ayn.Sammons@yopmail.com,Ayn.Sammons@gmail.com,worker,1918-01-14,Konya
686,Dulce,Jillane,Dulce.Jillane@yopmail.com,Dulce.Jillane@gmail.com,doctor,1967-11-03,Helsinki
687,Kaja,Hailee,Kaja.Hailee@yopmail.com,Kaja.Hailee@gmail.com,worker,2019-06-21,Calama
688,Kassey,Aurelio,Kassey.Aurelio@yopmail.com,Kassey.Aurelio@gmail.com,firefighter,1903-05-17,Kandahar
689,Christal,Rebecka,Christal.Rebecka@yopmail.com,Christal.Rebecka@gmail.com,doctor,1964-10-11,Hagåtña
690,Joceline,Florina,Joceline.Florina@yopmail.com,Joceline.Florina@gmail.com,firefighter,1996-07-25,Los Angeles
691,Isa,Pozzy,Isa.Pozzy@yopmail.com,Isa.Pozzy@gmail.com,firefighter,1904-10-01,Odessa
692,Melodie,Baylor,Melodie.Baylor@yopmail.com,Melodie.Baylor@gmail.com,firefighter,1987-12-31,Tucson
693,Zaria,Elbertina,Zaria.Elbertina@yopmail.com,Zaria.Elbertina@gmail.com,doctor,1961-07-04,Minsk
694,Veda,Buffum,Veda.Buffum@yopmail.com,Veda.Buffum@gmail.com,doctor,1947-02-22,Ludhiana
695,Willetta,Tayib,Willetta.Tayib@yopmail.com,Willetta.Tayib@gmail.com,firefighter,1912-01-08,Belém
696,Shell,Skell,Shell.Skell@yopmail.com,Shell.Skell@gmail.com,worker,1990-10-06,Kandahar
697,Kelly,Voletta,Kelly.Voletta@yopmail.com,Kelly.Voletta@gmail.com,developer,1990-03-26,Toulouse
698,Luci,Alarise,Luci.Alarise@yopmail.com,Luci.Alarise@gmail.com,firefighter,1975-10-06,Skopje
699,Althea,Angelis,Althea.Angelis@yopmail.com,Althea.Angelis@gmail.com,firefighter,1900-03-06,Ürümqi
700,Lisette,Parette,Lisette.Parette@yopmail.com,Lisette.Parette@gmail.com,police officer,1940-07-15,Istanbul
701,Queenie,Dahlia,Queenie.Dahlia@yopmail.com,Queenie.Dahlia@gmail.com,worker,1905-08-09,Alexandria
702,Maridel,Neils,Maridel.Neils@yopmail.com,Maridel.Neils@gmail.com,firefighter,1925-04-22,Thimphu
703,Dagmar,Kussell,Dagmar.Kussell@yopmail.com,Dagmar.Kussell@gmail.com,doctor,1990-07-01,Porto-Novo
704,Malina,Charity,Malina.Charity@yopmail.com,Malina.Charity@gmail.com,police officer,1919-12-16,Ponta Delgada
705,Kalina,Fulmer,Kalina.Fulmer@yopmail.com,Kalina.Fulmer@gmail.com,police officer,1977-03-14,Cork (city)
706,Leona,Fink,Leona.Fink@yopmail.com,Leona.Fink@gmail.com,doctor,1978-10-17,Koulikoro
707,Hayley,Palocz,Hayley.Palocz@yopmail.com,Hayley.Palocz@gmail.com,police officer,1978-03-15,Lyon
708,Valeda,Rosemary,Valeda.Rosemary@yopmail.com,Valeda.Rosemary@gmail.com,firefighter,1970-01-12,Abuja
709,Minne,Teddman,Minne.Teddman@yopmail.com,Minne.Teddman@gmail.com,police officer,1919-07-06,Serekunda
710,Ida,Yorick,Ida.Yorick@yopmail.com,Ida.Yorick@gmail.com,police officer,1912-07-17,Padang
711,Elka,Edee,Elka.Edee@yopmail.com,Elka.Edee@gmail.com,doctor,1928-11-11,Honolulu
712,Tori,Sothena,Tori.Sothena@yopmail.com,Tori.Sothena@gmail.com,firefighter,1961-04-24,Mogadishu
713,Celisse,Kiersten,Celisse.Kiersten@yopmail.com,Celisse.Kiersten@gmail.com,worker,1951-05-20,Anadyr (town)
714,Tilly,Trace,Tilly.Trace@yopmail.com,Tilly.Trace@gmail.com,police officer,1993-12-07,Hargeisa
715,Chandra,Noam,Chandra.Noam@yopmail.com,Chandra.Noam@gmail.com,firefighter,2011-01-17,Jeddah
716,Ricky,Saint,Ricky.Saint@yopmail.com,Ricky.Saint@gmail.com,developer,1951-04-24,Simferopol
717,Thalia,Gahl,Thalia.Gahl@yopmail.com,Thalia.Gahl@gmail.com,developer,2012-07-14,Kano
718,Tori,Atcliffe,Tori.Atcliffe@yopmail.com,Tori.Atcliffe@gmail.com,worker,1989-05-08,Rockhampton
719,Yolane,Sawtelle,Yolane.Sawtelle@yopmail.com,Yolane.Sawtelle@gmail.com,police officer,2014-09-01,Boston
720,Rivalee,Bivins,Rivalee.Bivins@yopmail.com,Rivalee.Bivins@gmail.com,police officer,1987-01-27,Livingstone
721,Celestyna,Valerio,Celestyna.Valerio@yopmail.com,Celestyna.Valerio@gmail.com,police officer,1992-12-21,Quetzaltenango
722,Zondra,Fillbert,Zondra.Fillbert@yopmail.com,Zondra.Fillbert@gmail.com,doctor,1956-02-26,Tunis
723,Joeann,Montgomery,Joeann.Montgomery@yopmail.com,Joeann.Montgomery@gmail.com,police officer,1961-12-16,Gibraltar
724,Arlina,Roxanna,Arlina.Roxanna@yopmail.com,Arlina.Roxanna@gmail.com,worker,1912-12-17,Port Blair
725,Hallie,Carmena,Hallie.Carmena@yopmail.com,Hallie.Carmena@gmail.com,police officer,1912-03-22,Campo Grande
726,Chere,Alwin,Chere.Alwin@yopmail.com,Chere.Alwin@gmail.com,doctor,2005-08-11,Podgorica
727,Madeleine,Brodench,Madeleine.Brodench@yopmail.com,Madeleine.Brodench@gmail.com,worker,2002-12-30,Mwanza
728,Anica,Milde,Anica.Milde@yopmail.com,Anica.Milde@gmail.com,worker,1911-11-08,Bujumbura
729,Kirbee,Macey,Kirbee.Macey@yopmail.com,Kirbee.Macey@gmail.com,doctor,1906-11-13,Paramaribo
730,Raina,Buttaro,Raina.Buttaro@yopmail.com,Raina.Buttaro@gmail.com,police officer,1952-01-18,Mbabane
731,Modestia,Sallyann,Modestia.Sallyann@yopmail.com,Modestia.Sallyann@gmail.com,developer,1983-12-13,Tallinn
732,Stephanie,Barney,Stephanie.Barney@yopmail.com,Stephanie.Barney@gmail.com,developer,1919-12-31,Abu Dhabi
733,Bobinette,Gahl,Bobinette.Gahl@yopmail.com,Bobinette.Gahl@gmail.com,doctor,1968-11-07,Ndola
734,Vevay,Gabrielli,Vevay.Gabrielli@yopmail.com,Vevay.Gabrielli@gmail.com,developer,1952-10-29,Abu Dhabi
735,Kristan,Herrera,Kristan.Herrera@yopmail.com,Kristan.Herrera@gmail.com,doctor,1981-12-24,Manchester
736,Nannie,Bakerman,Nannie.Bakerman@yopmail.com,Nannie.Bakerman@gmail.com,police officer,1965-05-06,Cape Town
737,Jennica,Thunell,Jennica.Thunell@yopmail.com,Jennica.Thunell@gmail.com,developer,1987-11-26,Phoenix
738,Amara,Linehan,Amara.Linehan@yopmail.com,Amara.Linehan@gmail.com,worker,1943-01-19,Montevideo
739,Mary,Gerge,Mary.Gerge@yopmail.com,Mary.Gerge@gmail.com,developer,1998-01-20,Belfast
740,Sophia,Yate,Sophia.Yate@yopmail.com,Sophia.Yate@gmail.com,police officer,2000-10-05,Cartagena
741,Pamella,Carolin,Pamella.Carolin@yopmail.com,Pamella.Carolin@gmail.com,worker,1931-06-23,Chongjin
742,Dacia,Niccolo,Dacia.Niccolo@yopmail.com,Dacia.Niccolo@gmail.com,worker,1933-09-03,Port Moresby
743,Modestia,Alrich,Modestia.Alrich@yopmail.com,Modestia.Alrich@gmail.com,firefighter,1978-03-25,Whitehorse
744,Minda,Dyche,Minda.Dyche@yopmail.com,Minda.Dyche@gmail.com,developer,1902-02-17,Harare
745,Maridel,Alisia,Maridel.Alisia@yopmail.com,Maridel.Alisia@gmail.com,developer,1979-12-09,Los Angeles
746,Gale,Judye,Gale.Judye@yopmail.com,Gale.Judye@gmail.com,developer,1916-01-31,Tartu
747,Sharlene,Merriott,Sharlene.Merriott@yopmail.com,Sharlene.Merriott@gmail.com,firefighter,1952-12-29,Portland
748,Nyssa,Kiyoshi,Nyssa.Kiyoshi@yopmail.com,Nyssa.Kiyoshi@gmail.com,developer,1912-04-15,Brikama
749,Rivalee,Hoban,Rivalee.Hoban@yopmail.com,Rivalee.Hoban@gmail.com,police officer,1968-07-05,San Carlos de Bariloche
750,Ursulina,Weaks,Ursulina.Weaks@yopmail.com,Ursulina.Weaks@gmail.com,developer,2007-03-05,Durban
751,Mariele,Merriott,Mariele.Merriott@yopmail.com,Mariele.Merriott@gmail.com,developer,1930-04-02,Dallas
752,Alexine,Parsaye,Alexine.Parsaye@yopmail.com,Alexine.Parsaye@gmail.com,developer,2010-07-23,Oranjestad
753,Blinni,Zetta,Blinni.Zetta@yopmail.com,Blinni.Zetta@gmail.com,doctor,1995-04-24,Glasgow
754,Patricia,Sawtelle,Patricia.Sawtelle@yopmail.com,Patricia.Sawtelle@gmail.com,doctor,2010-07-10,Dededo
755,Debee,Bouchard,Debee.Bouchard@yopmail.com,Debee.Bouchard@gmail.com,developer,2008-02-15,São Tomé
756,Joleen,Campball,Joleen.Campball@yopmail.com,Joleen.Campball@gmail.com,doctor,1908-06-21,Accra
757,Luci,Cimbura,Luci.Cimbura@yopmail.com,Luci.Cimbura@gmail.com,police officer,1951-03-22,Bucharest
758,Charmaine,Flita,Charmaine.Flita@yopmail.com,Charmaine.Flita@gmail.com,firefighter,1991-12-16,Mexicali
759,Brietta,Mozelle,Brietta.Mozelle@yopmail.com,Brietta.Mozelle@gmail.com,developer,1995-05-04,Mandurah
760,Deloria,Thilda,Deloria.Thilda@yopmail.com,Deloria.Thilda@gmail.com,worker,1936-05-05,Brisbane
761,Katharina,Bohlin,Katharina.Bohlin@yopmail.com,Katharina.Bohlin@gmail.com,police officer,1913-02-27,Invercargill
762,Sean,Dawkins,Sean.Dawkins@yopmail.com,Sean.Dawkins@gmail.com,developer,1972-10-18,Birkirkara
763,Rosene,Andrel,Rosene.Andrel@yopmail.com,Rosene.Andrel@gmail.com,police officer,1961-07-10,Palma
764,Bibby,Kiyoshi,Bibby.Kiyoshi@yopmail.com,Bibby.Kiyoshi@gmail.com,firefighter,1915-11-05,Kigali
765,Rozele,Winnick,Rozele.Winnick@yopmail.com,Rozele.Winnick@gmail.com,worker,1931-03-28,Shigatse
766,Margette,Rillings,Margette.Rillings@yopmail.com,Margette.Rillings@gmail.com,police officer,1972-11-13,Zapopan
767,Lolita,Sherfield,Lolita.Sherfield@yopmail.com,Lolita.Sherfield@gmail.com,doctor,2004-12-09,Santiago de Cuba
768,Deedee,Dunkin,Deedee.Dunkin@yopmail.com,Deedee.Dunkin@gmail.com,worker,1989-08-12,Santiago de Cuba
769,Margarette,Jacinda,Margarette.Jacinda@yopmail.com,Margarette.Jacinda@gmail.com,police officer,1959-11-20,Bratislava
770,Kathi,Skurnik,Kathi.Skurnik@yopmail.com,Kathi.Skurnik@gmail.com,developer,1935-03-28,Whitehorse
771,Corene,Hartnett,Corene.Hartnett@yopmail.com,Corene.Hartnett@gmail.com,doctor,1935-04-20,Hagåtña
772,Gaylene,Hollingsworth,Gaylene.Hollingsworth@yopmail.com,Gaylene.Hollingsworth@gmail.com,firefighter,1900-07-04,Rio de Janeiro
773,Dode,O'Carroll,Dode.O'Carroll@yopmail.com,Dode.O'Carroll@gmail.com,doctor,2018-08-22,Osaka
774,Concettina,Uird,Concettina.Uird@yopmail.com,Concettina.Uird@gmail.com,worker,1975-08-28,Kingston
775,Verla,Fillbert,Verla.Fillbert@yopmail.com,Verla.Fillbert@gmail.com,police officer,1973-02-18,Santa Cruz de la Sierra
776,Hyacinthe,Libna,Hyacinthe.Libna@yopmail.com,Hyacinthe.Libna@gmail.com,doctor,2019-12-22,Porto Alegre
777,Antonietta,Malvino,Antonietta.Malvino@yopmail.com,Antonietta.Malvino@gmail.com,worker,1918-08-22,Paramaribo
778,Gloria,Stelle,Gloria.Stelle@yopmail.com,Gloria.Stelle@gmail.com,doctor,1985-10-19,Maseru
779,Ira,Marisa,Ira.Marisa@yopmail.com,Ira.Marisa@gmail.com,firefighter,2001-12-11,Angra do Heroísmo
780,Meghann,Kermit,Meghann.Kermit@yopmail.com,Meghann.Kermit@gmail.com,developer,1914-12-03,Gaza
781,Jean,Ovid,Jean.Ovid@yopmail.com,Jean.Ovid@gmail.com,doctor,1991-12-07,Quito
782,Belva,Goerke,Belva.Goerke@yopmail.com,Belva.Goerke@gmail.com,worker,1981-01-09,Dibrugarh
783,Lorne,Jenness,Lorne.Jenness@yopmail.com,Lorne.Jenness@gmail.com,worker,1912-11-17,Zapopan
784,Andree,Goldina,Andree.Goldina@yopmail.com,Andree.Goldina@gmail.com,doctor,1903-05-27,South Tarawa
785,Sallie,Liebermann,Sallie.Liebermann@yopmail.com,Sallie.Liebermann@gmail.com,developer,1989-07-07,Qingdao
786,Angelique,Daegal,Angelique.Daegal@yopmail.com,Angelique.Daegal@gmail.com,firefighter,2016-10-16,Zagreb
787,Tamqrah,Ader,Tamqrah.Ader@yopmail.com,Tamqrah.Ader@gmail.com,doctor,1975-02-26,Milwaukee
788,Liana,Karl,Liana.Karl@yopmail.com,Liana.Karl@gmail.com,worker,1968-01-31,Srinagar
789,Aubrie,Ricki,Aubrie.Ricki@yopmail.com,Aubrie.Ricki@gmail.com,firefighter,1976-03-15,Surat Thani
790,Almeta,Syd,Almeta.Syd@yopmail.com,Almeta.Syd@gmail.com,doctor,1912-01-14,Regina
791,Zondra,Brotherson,Zondra.Brotherson@yopmail.com,Zondra.Brotherson@gmail.com,doctor,1982-12-28,Gibraltar
792,Lexine,Velick,Lexine.Velick@yopmail.com,Lexine.Velick@gmail.com,police officer,1997-04-07,Wollongong
793,Aryn,Wittie,Aryn.Wittie@yopmail.com,Aryn.Wittie@gmail.com,firefighter,1928-08-16,Sitka
794,Desirae,Tamsky,Desirae.Tamsky@yopmail.com,Desirae.Tamsky@gmail.com,developer,1992-09-18,Quebec City
795,Helsa,Lilybelle,Helsa.Lilybelle@yopmail.com,Helsa.Lilybelle@gmail.com,doctor,1922-05-28,Kaliningrad
796,Alejandra,Truc,Alejandra.Truc@yopmail.com,Alejandra.Truc@gmail.com,doctor,1922-02-18,Caracas
797,Mildrid,Emanuel,Mildrid.Emanuel@yopmail.com,Mildrid.Emanuel@gmail.com,worker,1947-10-01,London
798,Wileen,Celestine,Wileen.Celestine@yopmail.com,Wileen.Celestine@gmail.com,firefighter,1979-08-07,Melbourne
799,Perry,Koziara,Perry.Koziara@yopmail.com,Perry.Koziara@gmail.com,doctor,1974-09-12,Alor Star
800,Justinn,Zaslow,Justinn.Zaslow@yopmail.com,Justinn.Zaslow@gmail.com,developer,2009-06-25,Tórshavn
801,Paulita,Joni,Paulita.Joni@yopmail.com,Paulita.Joni@gmail.com,police officer,1997-03-04,Reykjavík
802,Rozele,Velick,Rozele.Velick@yopmail.com,Rozele.Velick@gmail.com,doctor,1940-04-10,Sarajevo
803,Stacey,Roscoe,Stacey.Roscoe@yopmail.com,Stacey.Roscoe@gmail.com,firefighter,1994-07-23,Belmopan
804,Kate,Read,Kate.Read@yopmail.com,Kate.Read@gmail.com,developer,1945-08-03,Istanbul
805,Joelly,Alarise,Joelly.Alarise@yopmail.com,Joelly.Alarise@gmail.com,doctor,1944-12-10,Ahmedabad
806,Drucie,Fink,Drucie.Fink@yopmail.com,Drucie.Fink@gmail.com,developer,1908-12-18,Makati City
807,Fanchon,Stav,Fanchon.Stav@yopmail.com,Fanchon.Stav@gmail.com,developer,1951-11-17,Muscat
808,Bernardine,Modie,Bernardine.Modie@yopmail.com,Bernardine.Modie@gmail.com,police officer,1905-01-26,Angra do Heroísmo
809,Fernande,Lenny,Fernande.Lenny@yopmail.com,Fernande.Lenny@gmail.com,police officer,1935-04-27,The Hague
810,Clarice,Pascia,Clarice.Pascia@yopmail.com,Clarice.Pascia@gmail.com,worker,1992-05-18,Quebec City
811,Blondelle,Valerio,Blondelle.Valerio@yopmail.com,Blondelle.Valerio@gmail.com,developer,1914-10-11,Dresden
812,Isa,Kathie,Isa.Kathie@yopmail.com,Isa.Kathie@gmail.com,police officer,1946-09-19,Abuja
813,Adelle,Mata,Adelle.Mata@yopmail.com,Adelle.Mata@gmail.com,firefighter,1982-03-02,Curitiba
814,Berta,Erskine,Berta.Erskine@yopmail.com,Berta.Erskine@gmail.com,doctor,1957-11-08,Stuttgart
815,Gratia,Ambrosia,Gratia.Ambrosia@yopmail.com,Gratia.Ambrosia@gmail.com,doctor,2011-08-25,Mumbai
816,Verla,Olympium,Verla.Olympium@yopmail.com,Verla.Olympium@gmail.com,developer,1950-05-03,Chengdu
817,Renie,Kelula,Renie.Kelula@yopmail.com,Renie.Kelula@gmail.com,doctor,1944-11-01,San Juan
818,Larine,Ledah,Larine.Ledah@yopmail.com,Larine.Ledah@gmail.com,worker,1952-10-29,Belize City
819,Charissa,Loring,Charissa.Loring@yopmail.com,Charissa.Loring@gmail.com,worker,1955-12-14,Asunción
820,Cissiee,Rebecka,Cissiee.Rebecka@yopmail.com,Cissiee.Rebecka@gmail.com,firefighter,1906-11-25,Mata-Utu
821,Chandra,Birdella,Chandra.Birdella@yopmail.com,Chandra.Birdella@gmail.com,worker,1923-04-02,Cusco
822,Letizia,Cecile,Letizia.Cecile@yopmail.com,Letizia.Cecile@gmail.com,firefighter,1978-07-04,Ludhiana
823,Vonny,Lory,Vonny.Lory@yopmail.com,Vonny.Lory@gmail.com,firefighter,1925-07-17,Recife
824,Ermengarde,Ellord,Ermengarde.Ellord@yopmail.com,Ermengarde.Ellord@gmail.com,developer,1970-06-08,Osaka
825,Rori,Lipson,Rori.Lipson@yopmail.com,Rori.Lipson@gmail.com,doctor,2002-07-14,Wollongong
826,Krystle,Allare,Krystle.Allare@yopmail.com,Krystle.Allare@gmail.com,developer,2003-02-06,Gaziantep
827,Ketti,Durware,Ketti.Durware@yopmail.com,Ketti.Durware@gmail.com,doctor,1922-02-01,Rochester
828,Lesly,Colyer,Lesly.Colyer@yopmail.com,Lesly.Colyer@gmail.com,worker,1983-03-09,Bilbao
829,Corry,Ezar,Corry.Ezar@yopmail.com,Corry.Ezar@gmail.com,police officer,1960-01-03,Bogor
830,Tressa,Carbo,Tressa.Carbo@yopmail.com,Tressa.Carbo@gmail.com,doctor,1990-05-28,Faisalabad
831,Susan,Norrie,Susan.Norrie@yopmail.com,Susan.Norrie@gmail.com,developer,1939-05-04,Magadan
832,Sidoney,Nea,Sidoney.Nea@yopmail.com,Sidoney.Nea@gmail.com,doctor,1947-07-18,Mamoudzou
833,Lorne,Koehler,Lorne.Koehler@yopmail.com,Lorne.Koehler@gmail.com,developer,1987-07-04,Lisbon
834,Barbi,Septima,Barbi.Septima@yopmail.com,Barbi.Septima@gmail.com,doctor,2011-02-17,Dar es Salaam
835,Amelia,Othilia,Amelia.Othilia@yopmail.com,Amelia.Othilia@gmail.com,doctor,1900-05-29,Buenos Aires
836,Georgina,Pascia,Georgina.Pascia@yopmail.com,Georgina.Pascia@gmail.com,police officer,1984-01-18,Chennai
837,Sonni,Kenney,Sonni.Kenney@yopmail.com,Sonni.Kenney@gmail.com,developer,1942-07-10,Konya
838,Caressa,Richers,Caressa.Richers@yopmail.com,Caressa.Richers@gmail.com,police officer,2019-03-26,Yokohama
839,Cathyleen,Leonard,Cathyleen.Leonard@yopmail.com,Cathyleen.Leonard@gmail.com,doctor,1994-09-21,Barcelona
840,Jan,Johanna,Jan.Johanna@yopmail.com,Jan.Johanna@gmail.com,police officer,1958-04-17,Düsseldorf
841,Lacie,Beebe,Lacie.Beebe@yopmail.com,Lacie.Beebe@gmail.com,developer,1938-04-30,Khartoum
842,Louella,Deegan,Louella.Deegan@yopmail.com,Louella.Deegan@gmail.com,doctor,1946-10-29,Philadelphia
843,Mildrid,Sawtelle,Mildrid.Sawtelle@yopmail.com,Mildrid.Sawtelle@gmail.com,doctor,1979-02-01,Port Blair
844,Monika,Fax,Monika.Fax@yopmail.com,Monika.Fax@gmail.com,doctor,1994-12-06,Yellowknife
845,Inga,Sabella,Inga.Sabella@yopmail.com,Inga.Sabella@gmail.com,firefighter,1932-07-02,Cleveland
846,Ebonee,Manolo,Ebonee.Manolo@yopmail.com,Ebonee.Manolo@gmail.com,developer,1905-03-19,Mecca
847,Madalyn,Geffner,Madalyn.Geffner@yopmail.com,Madalyn.Geffner@gmail.com,developer,1996-07-21,Seattle
848,Cherilyn,Jillane,Cherilyn.Jillane@yopmail.com,Cherilyn.Jillane@gmail.com,developer,1963-11-28,Kigali
849,Imojean,Urania,Imojean.Urania@yopmail.com,Imojean.Urania@gmail.com,worker,1938-09-01,Angra do Heroísmo
850,Patricia,Cutlerr,Patricia.Cutlerr@yopmail.com,Patricia.Cutlerr@gmail.com,doctor,2005-11-27,Sitka
851,Silvana,Glenden,Silvana.Glenden@yopmail.com,Silvana.Glenden@gmail.com,developer,1932-05-06,Paris
852,Aryn,Gilbertson,Aryn.Gilbertson@yopmail.com,Aryn.Gilbertson@gmail.com,developer,1986-03-23,Hai Phong
853,Sidoney,Land,Sidoney.Land@yopmail.com,Sidoney.Land@gmail.com,police officer,1923-05-27,Fukuoka
854,Dari,Chrystel,Dari.Chrystel@yopmail.com,Dari.Chrystel@gmail.com,developer,1905-02-17,Nagpur
855,Glynnis,Reidar,Glynnis.Reidar@yopmail.com,Glynnis.Reidar@gmail.com,firefighter,1965-01-19,Dededo
856,Hildegaard,Redmond,Hildegaard.Redmond@yopmail.com,Hildegaard.Redmond@gmail.com,doctor,1996-12-29,Montevideo
857,Arlina,Konyn,Arlina.Konyn@yopmail.com,Arlina.Konyn@gmail.com,worker,2015-07-14,Memphis
858,Hettie,Cyrie,Hettie.Cyrie@yopmail.com,Hettie.Cyrie@gmail.com,developer,1940-07-07,Columbus
859,Rozele,Fulmer,Rozele.Fulmer@yopmail.com,Rozele.Fulmer@gmail.com,firefighter,1929-02-18,Havana
860,Kimmy,Alarise,Kimmy.Alarise@yopmail.com,Kimmy.Alarise@gmail.com,firefighter,1906-04-16,Punta Arenas
861,Edyth,Shields,Edyth.Shields@yopmail.com,Edyth.Shields@gmail.com,police officer,1975-10-12,Tijuana
862,Ethel,Kellby,Ethel.Kellby@yopmail.com,Ethel.Kellby@gmail.com,doctor,1962-08-22,Montreal
863,Lyssa,Boycey,Lyssa.Boycey@yopmail.com,Lyssa.Boycey@gmail.com,police officer,1978-09-13,San Carlos de Bariloche
864,Jinny,Mullane,Jinny.Mullane@yopmail.com,Jinny.Mullane@gmail.com,firefighter,1980-10-16,New Orleans
865,Wanda,Philoo,Wanda.Philoo@yopmail.com,Wanda.Philoo@gmail.com,doctor,1951-08-07,Tskhinvali
866,Pollyanna,Winthorpe,Pollyanna.Winthorpe@yopmail.com,Pollyanna.Winthorpe@gmail.com,worker,1933-09-29,The Hague
867,Audrie,Pandolfi,Audrie.Pandolfi@yopmail.com,Audrie.Pandolfi@gmail.com,firefighter,1954-09-06,Damascus
868,Max,Goldina,Max.Goldina@yopmail.com,Max.Goldina@gmail.com,doctor,1921-11-19,Daegu
869,Jerry,Bennie,Jerry.Bennie@yopmail.com,Jerry.Bennie@gmail.com,worker,1912-07-20,Niamey
870,Joelly,Susannah,Joelly.Susannah@yopmail.com,Joelly.Susannah@gmail.com,developer,1913-10-26,Riverside
871,Sibella,Kaete,Sibella.Kaete@yopmail.com,Sibella.Kaete@gmail.com,police officer,1983-08-02,Skopje
872,Cam,Dahlia,Cam.Dahlia@yopmail.com,Cam.Dahlia@gmail.com,developer,1925-11-28,Hamilton
873,Kerrin,Sasnett,Kerrin.Sasnett@yopmail.com,Kerrin.Sasnett@gmail.com,doctor,2004-08-19,Cebu City
874,Sophia,Berne,Sophia.Berne@yopmail.com,Sophia.Berne@gmail.com,doctor,1908-11-11,İzmir
875,Trixi,Maxi,Trixi.Maxi@yopmail.com,Trixi.Maxi@gmail.com,police officer,1927-10-27,Dushanbe
876,Demetris,Dyche,Demetris.Dyche@yopmail.com,Demetris.Dyche@gmail.com,police officer,1922-09-26,Santiago
877,Shirlee,Othilia,Shirlee.Othilia@yopmail.com,Shirlee.Othilia@gmail.com,police officer,1928-04-23,Melbourne
878,Christian,Standing,Christian.Standing@yopmail.com,Christian.Standing@gmail.com,worker,1959-07-20,Ipoh
879,Sandie,Tound,Sandie.Tound@yopmail.com,Sandie.Tound@gmail.com,developer,1918-11-16,Port of Spain
880,Shandie,Fry,Shandie.Fry@yopmail.com,Shandie.Fry@gmail.com,firefighter,2017-06-18,Gdańsk
881,Dari,Leifeste,Dari.Leifeste@yopmail.com,Dari.Leifeste@gmail.com,doctor,2014-05-03,Podgorica
882,Cindelyn,Elephus,Cindelyn.Elephus@yopmail.com,Cindelyn.Elephus@gmail.com,worker,1930-06-07,Valencia
883,Roslyn,Laverne,Roslyn.Laverne@yopmail.com,Roslyn.Laverne@gmail.com,developer,1988-10-20,Hong Kong
884,Kaia,Raffo,Kaia.Raffo@yopmail.com,Kaia.Raffo@gmail.com,police officer,2000-02-19,Ottawa
885,Marline,Prouty,Marline.Prouty@yopmail.com,Marline.Prouty@gmail.com,developer,1922-03-16,Yamoussoukro
886,Gianina,Chrystel,Gianina.Chrystel@yopmail.com,Gianina.Chrystel@gmail.com,doctor,1987-05-31,Port of Spain
887,Cyb,Hieronymus,Cyb.Hieronymus@yopmail.com,Cyb.Hieronymus@gmail.com,firefighter,2014-01-15,Ankara
888,Brandise,Kare,Brandise.Kare@yopmail.com,Brandise.Kare@gmail.com,firefighter,1906-01-30,Astana
889,Monika,Braun,Monika.Braun@yopmail.com,Monika.Braun@gmail.com,firefighter,2011-11-22,Seoul
890,Carilyn,Shuler,Carilyn.Shuler@yopmail.com,Carilyn.Shuler@gmail.com,developer,1911-05-07,Cali
891,Farrah,Paton,Farrah.Paton@yopmail.com,Farrah.Paton@gmail.com,worker,2004-12-10,Monterrey
892,Amelia,Francyne,Amelia.Francyne@yopmail.com,Amelia.Francyne@gmail.com,doctor,1913-06-20,Aberdeen
893,Judy,Johanna,Judy.Johanna@yopmail.com,Judy.Johanna@gmail.com,developer,1967-12-13,Miri
894,Max,Nance,Max.Nance@yopmail.com,Max.Nance@gmail.com,doctor,1964-04-10,Innsbruck
895,Iseabal,Eben,Iseabal.Eben@yopmail.com,Iseabal.Eben@gmail.com,developer,1950-03-10,Beijing
896,Merrie,Faso,Merrie.Faso@yopmail.com,Merrie.Faso@gmail.com,police officer,1955-10-17,Kano
897,Dacia,Cadmar,Dacia.Cadmar@yopmail.com,Dacia.Cadmar@gmail.com,worker,2018-11-11,Cusco
898,Lenna,Pelagias,Lenna.Pelagias@yopmail.com,Lenna.Pelagias@gmail.com,worker,1909-11-14,Honolulu
899,Amalie,Buffum,Amalie.Buffum@yopmail.com,Amalie.Buffum@gmail.com,firefighter,1967-07-13,Dededo
900,Kimberley,Burnside,Kimberley.Burnside@yopmail.com,Kimberley.Burnside@gmail.com,doctor,1910-04-02,Reykjavík
901,Charmaine,Dituri,Charmaine.Dituri@yopmail.com,Charmaine.Dituri@gmail.com,doctor,2014-11-14,Port-au-Prince
902,Margette,Lissi,Margette.Lissi@yopmail.com,Margette.Lissi@gmail.com,police officer,1991-04-12,Porto-Novo
903,Leanna,Ingra,Leanna.Ingra@yopmail.com,Leanna.Ingra@gmail.com,doctor,1910-06-12,Sydney
904,Roz,Grayce,Roz.Grayce@yopmail.com,Roz.Grayce@gmail.com,doctor,1957-12-28,Sofia
905,Molli,Dearborn,Molli.Dearborn@yopmail.com,Molli.Dearborn@gmail.com,firefighter,1951-02-08,Islamabad
906,Dacia,Mendez,Dacia.Mendez@yopmail.com,Dacia.Mendez@gmail.com,firefighter,2003-06-21,Samara
907,Sidoney,Emanuel,Sidoney.Emanuel@yopmail.com,Sidoney.Emanuel@gmail.com,developer,2008-01-25,San Salvador
908,Tomasina,Fabiola,Tomasina.Fabiola@yopmail.com,Tomasina.Fabiola@gmail.com,firefighter,1962-04-17,Sabha
909,Tori,Mallon,Tori.Mallon@yopmail.com,Tori.Mallon@gmail.com,worker,1915-06-14,Cusco
910,Hope,Angelis,Hope.Angelis@yopmail.com,Hope.Angelis@gmail.com,firefighter,1902-09-03,Hamburg
911,Deane,Ranjiv,Deane.Ranjiv@yopmail.com,Deane.Ranjiv@gmail.com,worker,1925-03-17,Montevideo
912,Evaleen,Tamsky,Evaleen.Tamsky@yopmail.com,Evaleen.Tamsky@gmail.com,developer,1938-01-17,Fairbanks
913,Kathi,Frendel,Kathi.Frendel@yopmail.com,Kathi.Frendel@gmail.com,developer,1965-05-16,Harare
914,Bobinette,Nickola,Bobinette.Nickola@yopmail.com,Bobinette.Nickola@gmail.com,firefighter,1905-04-14,Frankfurt
915,Blake,Uund,Blake.Uund@yopmail.com,Blake.Uund@gmail.com,worker,1905-06-13,Koulikoro
916,Natka,Lucienne,Natka.Lucienne@yopmail.com,Natka.Lucienne@gmail.com,firefighter,1961-01-08,Oranjestad
917,Britte,Fiester,Britte.Fiester@yopmail.com,Britte.Fiester@gmail.com,doctor,1987-12-02,Norilsk
918,Korrie,Gahl,Korrie.Gahl@yopmail.com,Korrie.Gahl@gmail.com,worker,1983-04-05,Calgary
919,Iseabal,Shaver,Iseabal.Shaver@yopmail.com,Iseabal.Shaver@gmail.com,doctor,1912-01-27,Zapopan
920,Emelina,Emmy,Emelina.Emmy@yopmail.com,Emelina.Emmy@gmail.com,doctor,1939-01-27,Cusco
921,Konstance,Publia,Konstance.Publia@yopmail.com,Konstance.Publia@gmail.com,firefighter,1909-12-31,Da Nang
922,Tani,Timon,Tani.Timon@yopmail.com,Tani.Timon@gmail.com,doctor,1940-10-11,Oranjestad
923,Raquela,Ashely,Raquela.Ashely@yopmail.com,Raquela.Ashely@gmail.com,firefighter,1997-12-26,Kigali
924,Alejandra,Tound,Alejandra.Tound@yopmail.com,Alejandra.Tound@gmail.com,police officer,1913-09-28,Khartoum
925,Anica,Kronfeld,Anica.Kronfeld@yopmail.com,Anica.Kronfeld@gmail.com,worker,1924-08-05,Riverside
926,Lanna,Zaslow,Lanna.Zaslow@yopmail.com,Lanna.Zaslow@gmail.com,doctor,1912-06-30,Monaco
927,Brietta,Hilbert,Brietta.Hilbert@yopmail.com,Brietta.Hilbert@gmail.com,firefighter,1981-01-29,Monterrey
928,Arabel,Gwenore,Arabel.Gwenore@yopmail.com,Arabel.Gwenore@gmail.com,firefighter,1991-11-09,Nassau
929,Dianemarie,Havens,Dianemarie.Havens@yopmail.com,Dianemarie.Havens@gmail.com,police officer,1996-02-12,Yangon
930,Sherrie,Corilla,Sherrie.Corilla@yopmail.com,Sherrie.Corilla@gmail.com,police officer,1911-02-15,Balikpapan
931,Florie,Woodberry,Florie.Woodberry@yopmail.com,Florie.Woodberry@gmail.com,developer,1948-11-02,Saskatoon
932,Tersina,Clara,Tersina.Clara@yopmail.com,Tersina.Clara@gmail.com,worker,1944-12-12,Zagreb
933,Alejandra,Jess,Alejandra.Jess@yopmail.com,Alejandra.Jess@gmail.com,doctor,1953-03-19,Yamoussoukro
934,Chloris,Stanwood,Chloris.Stanwood@yopmail.com,Chloris.Stanwood@gmail.com,doctor,1907-06-18,Sabha
935,Genevra,Milde,Genevra.Milde@yopmail.com,Genevra.Milde@gmail.com,firefighter,1924-02-24,Sukhumi
936,Clary,Adrienne,Clary.Adrienne@yopmail.com,Clary.Adrienne@gmail.com,developer,1972-03-08,New York City
937,Lisette,Talia,Lisette.Talia@yopmail.com,Lisette.Talia@gmail.com,police officer,2004-08-15,Stanley
938,Aeriela,Ashely,Aeriela.Ashely@yopmail.com,Aeriela.Ashely@gmail.com,doctor,1957-01-02,Mamoudzou
939,Agnese,Maiah,Agnese.Maiah@yopmail.com,Agnese.Maiah@gmail.com,developer,1940-11-12,Hilo
940,Candi,Smitt,Candi.Smitt@yopmail.com,Candi.Smitt@gmail.com,police officer,2012-03-19,Lahore
941,Brena,Thomasina,Brena.Thomasina@yopmail.com,Brena.Thomasina@gmail.com,developer,2009-01-29,Bucharest
942,Amelia,Amand,Amelia.Amand@yopmail.com,Amelia.Amand@gmail.com,doctor,1981-10-12,Malang
943,Jinny,Argus,Jinny.Argus@yopmail.com,Jinny.Argus@gmail.com,firefighter,1996-09-17,Dunedin
944,Bibby,Mandler,Bibby.Mandler@yopmail.com,Bibby.Mandler@gmail.com,firefighter,1987-04-16,Nantes
945,Cindelyn,Maroney,Cindelyn.Maroney@yopmail.com,Cindelyn.Maroney@gmail.com,developer,1974-11-24,Sana'a
946,Adelle,Campball,Adelle.Campball@yopmail.com,Adelle.Campball@gmail.com,developer,1965-12-19,Charlotte Amalie
947,Roseline,McNully,Roseline.McNully@yopmail.com,Roseline.McNully@gmail.com,developer,1964-07-25,Medina
948,Dyann,Hewitt,Dyann.Hewitt@yopmail.com,Dyann.Hewitt@gmail.com,doctor,1944-01-27,Mashhad
949,Kary,Malanie,Kary.Malanie@yopmail.com,Kary.Malanie@gmail.com,developer,2006-03-26,Muscat
950,Nonnah,Chandler,Nonnah.Chandler@yopmail.com,Nonnah.Chandler@gmail.com,firefighter,1923-09-21,Ibadan
951,Althea,Natica,Althea.Natica@yopmail.com,Althea.Natica@gmail.com,worker,2005-09-19,Sarajevo
952,Priscilla,Madelene,Priscilla.Madelene@yopmail.com,Priscilla.Madelene@gmail.com,firefighter,1921-01-21,Cairo
953,Doralynne,Lenny,Doralynne.Lenny@yopmail.com,Doralynne.Lenny@gmail.com,firefighter,1919-12-06,Marseille
954,Quintina,Oster,Quintina.Oster@yopmail.com,Quintina.Oster@gmail.com,worker,1940-05-29,Tirana
955,Vere,Koehler,Vere.Koehler@yopmail.com,Vere.Koehler@gmail.com,worker,1948-01-07,Andorra la Vella
956,Barbara,Breed,Barbara.Breed@yopmail.com,Barbara.Breed@gmail.com,worker,1941-02-26,Santo Domingo
957,Vivia,Tound,Vivia.Tound@yopmail.com,Vivia.Tound@gmail.com,firefighter,1931-03-04,Sana'a
958,Jeanna,Laurianne,Jeanna.Laurianne@yopmail.com,Jeanna.Laurianne@gmail.com,worker,1965-07-18,Da Nang
959,Merle,Yuille,Merle.Yuille@yopmail.com,Merle.Yuille@gmail.com,firefighter,1981-09-25,Pekanbaru
960,Hettie,Gavrila,Hettie.Gavrila@yopmail.com,Hettie.Gavrila@gmail.com,doctor,1942-11-06,Samara
961,Lenna,Lytton,Lenna.Lytton@yopmail.com,Lenna.Lytton@gmail.com,worker,1923-05-03,Port Hedland
962,Trudie,Simmonds,Trudie.Simmonds@yopmail.com,Trudie.Simmonds@gmail.com,worker,1936-02-09,Bloemfontein
963,Louella,Leopold,Louella.Leopold@yopmail.com,Louella.Leopold@gmail.com,developer,2007-04-29,Nice
964,Mureil,Hurley,Mureil.Hurley@yopmail.com,Mureil.Hurley@gmail.com,firefighter,1974-04-23,Valletta
965,Ericka,Merat,Ericka.Merat@yopmail.com,Ericka.Merat@gmail.com,doctor,1936-03-18,Omsk
966,Lenna,Tengdin,Lenna.Tengdin@yopmail.com,Lenna.Tengdin@gmail.com,police officer,2001-11-09,Livingstone
967,Petronia,Silvan,Petronia.Silvan@yopmail.com,Petronia.Silvan@gmail.com,worker,1990-09-13,Banjul
968,Gilligan,Jary,Gilligan.Jary@yopmail.com,Gilligan.Jary@gmail.com,firefighter,1922-10-10,Cannes
969,Stacey,Larochelle,Stacey.Larochelle@yopmail.com,Stacey.Larochelle@gmail.com,developer,1905-01-27,Bursa
970,Nelle,Munn,Nelle.Munn@yopmail.com,Nelle.Munn@gmail.com,worker,1931-01-17,Mecca
971,Teddie,Ethban,Teddie.Ethban@yopmail.com,Teddie.Ethban@gmail.com,developer,1981-07-07,Baltimore
972,Aili,Sprage,Aili.Sprage@yopmail.com,Aili.Sprage@gmail.com,police officer,2015-11-26,Sri Jayawardenapura-Kotte
973,Shannah,Roche,Shannah.Roche@yopmail.com,Shannah.Roche@gmail.com,firefighter,1965-07-21,Detroit
974,Meghann,Rillings,Meghann.Rillings@yopmail.com,Meghann.Rillings@gmail.com,developer,1961-07-18,Bucharest
975,Addia,Jaylene,Addia.Jaylene@yopmail.com,Addia.Jaylene@gmail.com,firefighter,1911-12-02,Indianapolis
976,Dennie,Yerkovich,Dennie.Yerkovich@yopmail.com,Dennie.Yerkovich@gmail.com,firefighter,1937-05-21,Regina
977,Mahalia,Keily,Mahalia.Keily@yopmail.com,Mahalia.Keily@gmail.com,firefighter,1911-06-09,Fairbanks
978,Desirae,Faria,Desirae.Faria@yopmail.com,Desirae.Faria@gmail.com,firefighter,1944-03-29,Concepción
979,Ekaterina,Sundin,Ekaterina.Sundin@yopmail.com,Ekaterina.Sundin@gmail.com,firefighter,1976-07-25,Vilnius
980,Tierney,Faro,Tierney.Faro@yopmail.com,Tierney.Faro@gmail.com,doctor,1996-08-25,Chaguanas
981,Gilda,Sherfield,Gilda.Sherfield@yopmail.com,Gilda.Sherfield@gmail.com,worker,1947-10-18,Yekaterinburg
982,Gaylene,Stacy,Gaylene.Stacy@yopmail.com,Gaylene.Stacy@gmail.com,doctor,1991-03-13,Maracaibo
983,Belinda,Camden,Belinda.Camden@yopmail.com,Belinda.Camden@gmail.com,developer,1918-02-02,Kandy
984,Maridel,Ventre,Maridel.Ventre@yopmail.com,Maridel.Ventre@gmail.com,police officer,1936-12-25,Astana
985,Myrtice,Gemini,Myrtice.Gemini@yopmail.com,Myrtice.Gemini@gmail.com,developer,1995-05-25,Gaziantep
986,Lita,Duwalt,Lita.Duwalt@yopmail.com,Lita.Duwalt@gmail.com,firefighter,1997-02-05,Yaoundé
987,Silvana,Durante,Silvana.Durante@yopmail.com,Silvana.Durante@gmail.com,police officer,1904-04-03,The Hague
988,Tera,Imelida,Tera.Imelida@yopmail.com,Tera.Imelida@gmail.com,worker,1968-12-19,Alofi
989,Ruthe,Jacinda,Ruthe.Jacinda@yopmail.com,Ruthe.Jacinda@gmail.com,worker,1937-09-02,Seoul
990,Johna,Elvyn,Johna.Elvyn@yopmail.com,Johna.Elvyn@gmail.com,police officer,1986-07-23,Cairo
991,Kathy,Daegal,Kathy.Daegal@yopmail.com,Kathy.Daegal@gmail.com,worker,1936-10-02,Kingston
992,Cristabel,Toni,Cristabel.Toni@yopmail.com,Cristabel.Toni@gmail.com,firefighter,1991-08-27,Moscow
993,Alexine,Dituri,Alexine.Dituri@yopmail.com,Alexine.Dituri@gmail.com,police officer,1921-08-21,Baku
994,Marline,Gower,Marline.Gower@yopmail.com,Marline.Gower@gmail.com,worker,1992-09-19,Port Said
995,Florencia,Fry,Florencia.Fry@yopmail.com,Florencia.Fry@gmail.com,police officer,1926-01-10,Ulan Bator
996,Millie,Holtz,Millie.Holtz@yopmail.com,Millie.Holtz@gmail.com,police officer,1976-06-23,Split (city)
997,Florie,Sawtelle,Florie.Sawtelle@yopmail.com,Florie.Sawtelle@gmail.com,developer,2012-10-27,Tiraspol
998,Belinda,Redmond,Belinda.Redmond@yopmail.com,Belinda.Redmond@gmail.com,worker,1968-04-22,Timbuktu
999,Stevana,Konyn,Stevana.Konyn@yopmail.com,Stevana.Konyn@gmail.com,worker,1991-08-22,Medina
1000,Helsa,Christine,Helsa.Christine@yopmail.com,Helsa.Christine@gmail.com,firefighter,1934-11-08,Wellington
1001,Marylou,Terencio,Marylou.Terencio@yopmail.com,Marylou.Terencio@gmail.com,developer,1927-11-06,Chişinău
1002,Eve,Cecile,Eve.Cecile@yopmail.com,Eve.Cecile@gmail.com,doctor,1903-02-26,Chuí
1003,Penelopa,Helve,Penelopa.Helve@yopmail.com,Penelopa.Helve@gmail.com,doctor,1968-09-01,Tegucigalpa
1004,Fredericka,Corrine,Fredericka.Corrine@yopmail.com,Fredericka.Corrine@gmail.com,police officer,1922-03-28,Castries
1005,Andree,Chaing,Andree.Chaing@yopmail.com,Andree.Chaing@gmail.com,worker,1944-04-16,New York City
1006,Gilligan,Bigner,Gilligan.Bigner@yopmail.com,Gilligan.Bigner@gmail.com,police officer,1922-05-23,Yakutsk
1007,Andree,Palocz,Andree.Palocz@yopmail.com,Andree.Palocz@gmail.com,doctor,1913-01-08,Liverpool
1008,Donetta,Danby,Donetta.Danby@yopmail.com,Donetta.Danby@gmail.com,doctor,1938-04-13,Tbilisi
1009,Tierney,O'Neill,Tierney.O'Neill@yopmail.com,Tierney.O'Neill@gmail.com,worker,2008-03-23,Bratislava
1010,Gwyneth,Gherardo,Gwyneth.Gherardo@yopmail.com,Gwyneth.Gherardo@gmail.com,developer,1964-08-19,Riga
1011,Rubie,Auberbach,Rubie.Auberbach@yopmail.com,Rubie.Auberbach@gmail.com,worker,1996-01-04,Charlotte Amalie
1012,Janenna,Georgy,Janenna.Georgy@yopmail.com,Janenna.Georgy@gmail.com,firefighter,1992-01-30,Chicago
1013,Leanna,Joachim,Leanna.Joachim@yopmail.com,Leanna.Joachim@gmail.com,firefighter,1988-07-07,Astana
1014,Sashenka,Sandye,Sashenka.Sandye@yopmail.com,Sashenka.Sandye@gmail.com,doctor,2003-12-11,Valencia
1015,Barbara,Wattenberg,Barbara.Wattenberg@yopmail.com,Barbara.Wattenberg@gmail.com,worker,1929-06-03,Jacksonville
1016,Aryn,Lenny,Aryn.Lenny@yopmail.com,Aryn.Lenny@gmail.com,firefighter,2018-10-21,Dhaka
1017,Giustina,Tomasina,Giustina.Tomasina@yopmail.com,Giustina.Tomasina@gmail.com,police officer,2019-03-28,Cairo
1018,Tani,Dorcy,Tani.Dorcy@yopmail.com,Tani.Dorcy@gmail.com,firefighter,1996-01-22,Hangzhou
1019,Zaria,Swigart,Zaria.Swigart@yopmail.com,Zaria.Swigart@gmail.com,worker,1983-08-27,Asmara
1020,Paola,Byrne,Paola.Byrne@yopmail.com,Paola.Byrne@gmail.com,police officer,1903-09-23,Kota Kinabalu
1021,Mureil,Daegal,Mureil.Daegal@yopmail.com,Mureil.Daegal@gmail.com,doctor,1967-06-20,Taiyuan
1022,Jenilee,Duwalt,Jenilee.Duwalt@yopmail.com,Jenilee.Duwalt@gmail.com,police officer,1988-05-04,Tirana
1023,Johna,Lemuela,Johna.Lemuela@yopmail.com,Johna.Lemuela@gmail.com,firefighter,1992-07-19,Sucre
1024,Goldie,Yerkovich,Goldie.Yerkovich@yopmail.com,Goldie.Yerkovich@gmail.com,police officer,1986-03-28,Manzini
1025,Cathyleen,Parsaye,Cathyleen.Parsaye@yopmail.com,Cathyleen.Parsaye@gmail.com,doctor,1937-06-20,Peshawar
1026,Dominga,Gamaliel,Dominga.Gamaliel@yopmail.com,Dominga.Gamaliel@gmail.com,doctor,1989-04-17,Ankara
1027,Carmela,Friede,Carmela.Friede@yopmail.com,Carmela.Friede@gmail.com,police officer,1999-01-02,Anadyr (town)
1028,Lyssa,Laurianne,Lyssa.Laurianne@yopmail.com,Lyssa.Laurianne@gmail.com,police officer,2005-03-22,Invercargill
1029,Robbi,Joni,Robbi.Joni@yopmail.com,Robbi.Joni@gmail.com,worker,1937-10-27,Surabaya
1030,Agathe,Douglass,Agathe.Douglass@yopmail.com,Agathe.Douglass@gmail.com,worker,2000-12-06,Bursa
1031,Allyce,Ricarda,Allyce.Ricarda@yopmail.com,Allyce.Ricarda@gmail.com,worker,2001-01-05,Ouagadougou
1032,Dale,Zola,Dale.Zola@yopmail.com,Dale.Zola@gmail.com,worker,2019-06-05,Cleveland
1033,Gui,Ranjiv,Gui.Ranjiv@yopmail.com,Gui.Ranjiv@gmail.com,police officer,1931-08-15,Banda Aceh
1034,Berta,Bultman,Berta.Bultman@yopmail.com,Berta.Bultman@gmail.com,police officer,1908-07-01,Brikama
1035,Danika,Stav,Danika.Stav@yopmail.com,Danika.Stav@gmail.com,police officer,1931-09-21,Munich
1036,Roseline,Llovera,Roseline.Llovera@yopmail.com,Roseline.Llovera@gmail.com,firefighter,2002-09-22,Hyderabad
1037,Priscilla,Stephie,Priscilla.Stephie@yopmail.com,Priscilla.Stephie@gmail.com,firefighter,1923-01-27,Cardiff
1038,Melanie,Braun,Melanie.Braun@yopmail.com,Melanie.Braun@gmail.com,firefighter,1966-02-20,Cotonou
1039,Bibby,Lesley,Bibby.Lesley@yopmail.com,Bibby.Lesley@gmail.com,firefighter,1930-07-04,Vientiane
1040,Roslyn,Vernier,Roslyn.Vernier@yopmail.com,Roslyn.Vernier@gmail.com,worker,1988-03-18,Santiago de Cuba
1041,Bettine,Marlie,Bettine.Marlie@yopmail.com,Bettine.Marlie@gmail.com,developer,1953-05-05,Sucre
1042,Melanie,Rosalba,Melanie.Rosalba@yopmail.com,Melanie.Rosalba@gmail.com,police officer,1904-09-17,Antwerp
1043,Tonia,Wilkinson,Tonia.Wilkinson@yopmail.com,Tonia.Wilkinson@gmail.com,police officer,1954-03-13,Perth
1044,Zondra,Shuler,Zondra.Shuler@yopmail.com,Zondra.Shuler@gmail.com,developer,1984-02-13,Fukuoka
1045,Augustine,Si,Augustine.Si@yopmail.com,Augustine.Si@gmail.com,worker,1975-09-13,Ljubljana
1046,Tomasina,Angelis,Tomasina.Angelis@yopmail.com,Tomasina.Angelis@gmail.com,doctor,1901-09-18,Cairo
1047,Tybie,Leler,Tybie.Leler@yopmail.com,Tybie.Leler@gmail.com,worker,1922-10-22,Shenyang
1048,Amelia,Winnick,Amelia.Winnick@yopmail.com,Amelia.Winnick@gmail.com,developer,1903-03-01,Pago Pago
1049,Orelia,Seumas,Orelia.Seumas@yopmail.com,Orelia.Seumas@gmail.com,police officer,1957-02-16,Kansas City
1050,Ellette,Sisile,Ellette.Sisile@yopmail.com,Ellette.Sisile@gmail.com,developer,1941-07-05,Lusaka
1051,Cordi,Goode,Cordi.Goode@yopmail.com,Cordi.Goode@gmail.com,developer,1923-10-19,Hong Kong
1052,Leanna,Bord,Leanna.Bord@yopmail.com,Leanna.Bord@gmail.com,worker,1931-03-12,Greenwich
1053,Sam,Michella,Sam.Michella@yopmail.com,Sam.Michella@gmail.com,developer,1957-04-06,Lisbon
1054,Celene,Quent,Celene.Quent@yopmail.com,Celene.Quent@gmail.com,worker,1906-09-23,Providence
1055,Leanna,Virgin,Leanna.Virgin@yopmail.com,Leanna.Virgin@gmail.com,firefighter,1955-09-20,Oranjestad
1056,Iseabal,Garlinda,Iseabal.Garlinda@yopmail.com,Iseabal.Garlinda@gmail.com,doctor,1975-11-11,Barranquilla
1057,Adele,Marisa,Adele.Marisa@yopmail.com,Adele.Marisa@gmail.com,developer,1921-08-21,Dhaka
1058,Flory,Montgomery,Flory.Montgomery@yopmail.com,Flory.Montgomery@gmail.com,developer,2008-03-25,Hat Yai
1059,Lolita,Goerke,Lolita.Goerke@yopmail.com,Lolita.Goerke@gmail.com,worker,1935-04-21,Córdoba
1060,Aimil,Ranjiv,Aimil.Ranjiv@yopmail.com,Aimil.Ranjiv@gmail.com,developer,1972-01-14,Assis
1061,Cyndie,Zeeba,Cyndie.Zeeba@yopmail.com,Cyndie.Zeeba@gmail.com,police officer,1953-01-17,Yangon
1062,Dacia,Maryanne,Dacia.Maryanne@yopmail.com,Dacia.Maryanne@gmail.com,firefighter,1988-02-29,Osaka
1063,Jacquetta,Adamsen,Jacquetta.Adamsen@yopmail.com,Jacquetta.Adamsen@gmail.com,police officer,1959-08-13,Gdańsk
1064,Cristabel,Etom,Cristabel.Etom@yopmail.com,Cristabel.Etom@gmail.com,police officer,1943-05-16,Chihuahua
1065,Kary,Hachmin,Kary.Hachmin@yopmail.com,Kary.Hachmin@gmail.com,worker,1903-12-26,Basse-Terre
1066,Marguerite,Hanleigh,Marguerite.Hanleigh@yopmail.com,Marguerite.Hanleigh@gmail.com,firefighter,1980-05-14,Adak
1067,Silvana,Ruvolo,Silvana.Ruvolo@yopmail.com,Silvana.Ruvolo@gmail.com,firefighter,1919-08-08,Tunis
1068,Felice,Annabella,Felice.Annabella@yopmail.com,Felice.Annabella@gmail.com,worker,2007-06-13,Jersey City
1069,Kamilah,Eliathas,Kamilah.Eliathas@yopmail.com,Kamilah.Eliathas@gmail.com,doctor,1989-10-11,Vatican City
1070,Dolli,Prober,Dolli.Prober@yopmail.com,Dolli.Prober@gmail.com,doctor,1965-10-30,Sukhumi
1071,Jessy,Ophelia,Jessy.Ophelia@yopmail.com,Jessy.Ophelia@gmail.com,doctor,1983-05-30,Ilhéus
1072,Aurore,Niles,Aurore.Niles@yopmail.com,Aurore.Niles@gmail.com,doctor,1928-04-30,Rome
1073,Caryl,Beebe,Caryl.Beebe@yopmail.com,Caryl.Beebe@gmail.com,developer,1937-03-25,La Paz
1074,Linet,Drisko,Linet.Drisko@yopmail.com,Linet.Drisko@gmail.com,worker,1907-06-09,Regina
1075,Eolanda,Bluh,Eolanda.Bluh@yopmail.com,Eolanda.Bluh@gmail.com,firefighter,2007-02-25,Veracruz
1076,Jaclyn,Brady,Jaclyn.Brady@yopmail.com,Jaclyn.Brady@gmail.com,police officer,2015-08-18,Dededo
1077,Louella,Eugenia,Louella.Eugenia@yopmail.com,Louella.Eugenia@gmail.com,doctor,1976-01-08,Jakarta
1078,Lynea,Urias,Lynea.Urias@yopmail.com,Lynea.Urias@gmail.com,worker,1940-08-18,Leeds
1079,Xylina,Roche,Xylina.Roche@yopmail.com,Xylina.Roche@gmail.com,developer,2012-04-15,Bamako
1080,Collen,Heisel,Collen.Heisel@yopmail.com,Collen.Heisel@gmail.com,worker,1975-05-13,Ndola
1081,Caryl,Grobe,Caryl.Grobe@yopmail.com,Caryl.Grobe@gmail.com,doctor,1981-12-03,Santiago
1082,Lusa,Ranjiv,Lusa.Ranjiv@yopmail.com,Lusa.Ranjiv@gmail.com,worker,2011-11-26,Maceió
1083,Clary,Sadowski,Clary.Sadowski@yopmail.com,Clary.Sadowski@gmail.com,worker,1962-06-05,Warsaw
1084,Demetris,Anestassia,Demetris.Anestassia@yopmail.com,Demetris.Anestassia@gmail.com,worker,2009-01-12,Cannes
1085,Ira,Narton,Ira.Narton@yopmail.com,Ira.Narton@gmail.com,developer,1996-05-19,Jerusalem
1086,Cissiee,Rad,Cissiee.Rad@yopmail.com,Cissiee.Rad@gmail.com,firefighter,2004-07-24,Rosario
1087,Olwen,Scammon,Olwen.Scammon@yopmail.com,Olwen.Scammon@gmail.com,firefighter,1930-10-27,Guayaquil
1088,Tersina,Madaih,Tersina.Madaih@yopmail.com,Tersina.Madaih@gmail.com,police officer,1998-03-30,Toulouse
1089,Tera,Sammons,Tera.Sammons@yopmail.com,Tera.Sammons@gmail.com,developer,1932-04-12,Tabriz
1090,Leeanne,Haldas,Leeanne.Haldas@yopmail.com,Leeanne.Haldas@gmail.com,worker,1940-02-05,Beirut
1091,Renae,Karylin,Renae.Karylin@yopmail.com,Renae.Karylin@gmail.com,worker,1923-04-04,Djibouti (city)
1092,Beverley,Gilbertson,Beverley.Gilbertson@yopmail.com,Beverley.Gilbertson@gmail.com,doctor,1963-12-08,Valdivia
1093,Rebeca,Serilda,Rebeca.Serilda@yopmail.com,Rebeca.Serilda@gmail.com,police officer,1953-08-20,Forked River
1094,Leona,Plato,Leona.Plato@yopmail.com,Leona.Plato@gmail.com,doctor,2007-03-29,Regina
1095,Jobi,Rustice,Jobi.Rustice@yopmail.com,Jobi.Rustice@gmail.com,firefighter,2018-08-30,Vilnius
1096,Verla,Ranjiv,Verla.Ranjiv@yopmail.com,Verla.Ranjiv@gmail.com,developer,1979-07-23,Guatemala City
1097,Dione,Lesley,Dione.Lesley@yopmail.com,Dione.Lesley@gmail.com,police officer,1902-07-11,Chengdu
1098,Sherrie,Keily,Sherrie.Keily@yopmail.com,Sherrie.Keily@gmail.com,developer,2010-08-17,Johannesburg
1099,Candy,Fosque,Candy.Fosque@yopmail.com,Candy.Fosque@gmail.com,police officer,2019-10-07,Alexandria